name,bus,peak_load,annual_consumption,sector
Load_mvgd_2279_lac_193156_residential,BusBar_lac_193156,3.8349300769387966,17943.71175808907,residential
Load_mvgd_2279_lac_193156_retail,BusBar_lac_193156,6.598554038113362,27448.228111952416,retail
Load_mvgd_2279_lvgd_474010_1,BranchTee_mvgd_2279_lvgd_474010_2,0.0010380808220718134,4.857200178138748,residential
Load_mvgd_2279_lvgd_474010_2,BranchTee_mvgd_2279_lvgd_474010_4,0.0010380808220718134,4.857200178138748,residential
Load_mvgd_2279_lvgd_473888_1,BranchTee_mvgd_2279_lvgd_473888_2,0.0009515740868991622,4.452433496627187,residential
Load_mvgd_2279_lvgd_473888_2,BranchTee_mvgd_2279_lvgd_473888_4,0.0009515740868991622,4.452433496627187,residential
Load_mvgd_2279_lvgd_473888_3,BranchTee_mvgd_2279_lvgd_473888_6,0.0009515740868991622,4.452433496627187,residential
Load_mvgd_2279_lvgd_473888_4,BranchTee_mvgd_2279_lvgd_473888_8,0.0009515740868991622,4.452433496627187,residential
Load_mvgd_2279_lvgd_473888_5,BranchTee_mvgd_2279_lvgd_473888_10,0.0009515740868991622,4.452433496627187,residential
Load_mvgd_2279_lvgd_473888_6,BranchTee_mvgd_2279_lvgd_473888_12,0.0009515740868991622,4.452433496627187,residential
Load_mvgd_2279_lvgd_473888_7,BranchTee_mvgd_2279_lvgd_473888_14,0.0009515740868991622,4.452433496627187,residential
Load_mvgd_2279_lvgd_473888_8,BranchTee_mvgd_2279_lvgd_473888_16,0.0009515740868991622,4.452433496627187,residential
Load_mvgd_2279_lvgd_473888_9,BranchTee_mvgd_2279_lvgd_473888_18,0.0009515740868991622,4.452433496627187,residential
Load_mvgd_2279_lvgd_314324_1,BranchTee_mvgd_2279_lvgd_314324_2,0.0010380808220718134,4.857200178138748,residential
Load_mvgd_2279_lvgd_473756_1,BranchTee_mvgd_2279_lvgd_473756_2,0.0009083207193128366,4.2500501558714046,residential
Load_mvgd_2279_lvgd_473756_2,BranchTee_mvgd_2279_lvgd_473756_4,0.0009083207193128366,4.2500501558714046,residential
Load_mvgd_2279_lvgd_315181_1,BranchTee_mvgd_2279_lvgd_315181_2,0.0008873916704807436,4.15212273292506,residential
Load_mvgd_2279_lvgd_315181_2,BranchTee_mvgd_2279_lvgd_315181_4,0.0008873916704807436,4.15212273292506,residential
Load_mvgd_2279_lvgd_315181_3,BranchTee_mvgd_2279_lvgd_315181_6,0.0008873916704807436,4.15212273292506,residential
Load_mvgd_2279_lvgd_315181_4,BranchTee_mvgd_2279_lvgd_315181_8,0.0008873916704807436,4.15212273292506,residential
Load_mvgd_2279_lvgd_315181_5,BranchTee_mvgd_2279_lvgd_315181_10,0.0008873916704807436,4.15212273292506,residential
Load_mvgd_2279_lvgd_315181_6,BranchTee_mvgd_2279_lvgd_315181_12,0.0008873916704807436,4.15212273292506,residential
Load_mvgd_2279_lvgd_315181_7,BranchTee_mvgd_2279_lvgd_315181_14,0.0008873916704807436,4.15212273292506,residential
Load_mvgd_2279_lvgd_315181_8,BranchTee_mvgd_2279_lvgd_315181_16,0.0008873916704807436,4.15212273292506,residential
Load_mvgd_2279_lvgd_315181_9,BranchTee_mvgd_2279_lvgd_315181_18,0.0008873916704807436,4.15212273292506,residential
Load_mvgd_2279_lvgd_315181_10,BranchTee_mvgd_2279_lvgd_315181_20,0.0008873916704807436,4.15212273292506,residential
Load_mvgd_2279_lvgd_315181_11,BranchTee_mvgd_2279_lvgd_315181_22,0.0008873916704807436,4.15212273292506,residential
Load_mvgd_2279_lvgd_315181_12,BranchTee_mvgd_2279_lvgd_315181_24,0.0008873916704807436,4.15212273292506,residential
Load_mvgd_2279_lvgd_315181_13,BranchTee_mvgd_2279_lvgd_315181_26,0.0008873916704807436,4.15212273292506,residential
Load_mvgd_2279_lvgd_315181_14,BranchTee_mvgd_2279_lvgd_315181_28,0.0008873916704807436,4.15212273292506,residential
Load_mvgd_2279_lvgd_315181_15,BranchTee_mvgd_2279_lvgd_315181_30,0.0008873916704807436,4.15212273292506,residential
Load_mvgd_2279_lvgd_315181_16,BranchTee_mvgd_2279_lvgd_315181_32,0.0008873916704807436,4.15212273292506,residential
Load_mvgd_2279_lvgd_315181_17,BranchTee_mvgd_2279_lvgd_315181_34,0.0008873916704807436,4.15212273292506,residential
Load_mvgd_2279_lvgd_315181_18,BranchTee_mvgd_2279_lvgd_315181_36,0.0008873916704807436,4.15212273292506,residential
Load_mvgd_2279_lvgd_315181_19,BranchTee_mvgd_2279_lvgd_315181_38,0.0008873916704807436,4.15212273292506,residential
Load_mvgd_2279_lvgd_315181_20,BranchTee_mvgd_2279_lvgd_315181_40,0.0008873916704807436,4.15212273292506,residential
Load_mvgd_2279_lvgd_315181_21,BranchTee_mvgd_2279_lvgd_315181_42,0.0008873916704807436,4.15212273292506,residential
Load_mvgd_2279_lvgd_315181_22,BranchTee_mvgd_2279_lvgd_315181_44,0.0008873916704807436,4.15212273292506,residential
Load_mvgd_2279_lvgd_315181_23,BranchTee_mvgd_2279_lvgd_315181_46,0.0008873916704807436,4.15212273292506,residential
Load_mvgd_2279_lvgd_315181_24,BranchTee_mvgd_2279_lvgd_315181_48,0.0008873916704807436,4.15212273292506,residential
Load_mvgd_2279_lvgd_315181_25,BranchTee_mvgd_2279_lvgd_315181_50,0.0008873916704807436,4.15212273292506,residential
Load_mvgd_2279_lvgd_315181_26,BranchTee_mvgd_2279_lvgd_315181_52,0.0008873916704807436,4.15212273292506,residential
Load_mvgd_2279_lvgd_315181_27,BranchTee_mvgd_2279_lvgd_315181_54,0.0008873916704807436,4.15212273292506,residential
Load_mvgd_2279_lvgd_315181_28,BranchTee_mvgd_2279_lvgd_315181_56,0.0008873916704807436,4.15212273292506,residential
Load_mvgd_2279_lvgd_315181_29,BranchTee_mvgd_2279_lvgd_315181_58,0.0008873916704807436,4.15212273292506,residential
Load_mvgd_2279_lvgd_315181_30,BranchTee_mvgd_2279_lvgd_315181_60,0.0008873916704807436,4.15212273292506,residential
Load_mvgd_2279_lvgd_315181_31,BranchTee_mvgd_2279_lvgd_315181_62,0.0008873916704807436,4.15212273292506,residential
Load_mvgd_2279_lvgd_315182_1,BranchTee_mvgd_2279_lvgd_315182_2,0.0008934302157175443,4.180377202496464,residential
Load_mvgd_2279_lvgd_315182_2,BranchTee_mvgd_2279_lvgd_315182_4,0.0008934302157175443,4.180377202496464,residential
Load_mvgd_2279_lvgd_315182_3,BranchTee_mvgd_2279_lvgd_315182_6,0.0008934302157175443,4.180377202496464,residential
Load_mvgd_2279_lvgd_315182_4,BranchTee_mvgd_2279_lvgd_315182_8,0.0008934302157175443,4.180377202496464,residential
Load_mvgd_2279_lvgd_315182_5,BranchTee_mvgd_2279_lvgd_315182_10,0.0008934302157175443,4.180377202496464,residential
Load_mvgd_2279_lvgd_315182_6,BranchTee_mvgd_2279_lvgd_315182_12,0.0008934302157175443,4.180377202496464,residential
Load_mvgd_2279_lvgd_315182_7,BranchTee_mvgd_2279_lvgd_315182_14,0.0008934302157175443,4.180377202496464,residential
Load_mvgd_2279_lvgd_315182_8,BranchTee_mvgd_2279_lvgd_315182_16,0.0008934302157175443,4.180377202496464,residential
Load_mvgd_2279_lvgd_315182_9,BranchTee_mvgd_2279_lvgd_315182_18,0.0008934302157175443,4.180377202496464,residential
Load_mvgd_2279_lvgd_315182_10,BranchTee_mvgd_2279_lvgd_315182_20,0.0008934302157175443,4.180377202496464,residential
Load_mvgd_2279_lvgd_315182_11,BranchTee_mvgd_2279_lvgd_315182_22,0.0008934302157175443,4.180377202496464,residential
Load_mvgd_2279_lvgd_315182_12,BranchTee_mvgd_2279_lvgd_315182_24,0.0008934302157175443,4.180377202496464,residential
Load_mvgd_2279_lvgd_315182_13,BranchTee_mvgd_2279_lvgd_315182_26,0.0008934302157175443,4.180377202496464,residential
Load_mvgd_2279_lvgd_315182_14,BranchTee_mvgd_2279_lvgd_315182_28,0.0008934302157175443,4.180377202496464,residential
Load_mvgd_2279_lvgd_315182_15,BranchTee_mvgd_2279_lvgd_315182_30,0.0008934302157175443,4.180377202496464,residential
Load_mvgd_2279_lvgd_315182_16,BranchTee_mvgd_2279_lvgd_315182_32,0.0008934302157175443,4.180377202496464,residential
Load_mvgd_2279_lvgd_315182_17,BranchTee_mvgd_2279_lvgd_315182_34,0.0008934302157175443,4.180377202496464,residential
Load_mvgd_2279_lvgd_315182_18,BranchTee_mvgd_2279_lvgd_315182_36,0.0008934302157175443,4.180377202496464,residential
Load_mvgd_2279_lvgd_315182_19,BranchTee_mvgd_2279_lvgd_315182_38,0.0008934302157175443,4.180377202496464,residential
Load_mvgd_2279_lvgd_315182_20,BranchTee_mvgd_2279_lvgd_315182_40,0.0008934302157175443,4.180377202496464,residential
Load_mvgd_2279_lvgd_315182_21,BranchTee_mvgd_2279_lvgd_315182_42,0.0008934302157175443,4.180377202496464,residential
Load_mvgd_2279_lvgd_315182_22,BranchTee_mvgd_2279_lvgd_315182_44,0.0008934302157175443,4.180377202496464,residential
Load_mvgd_2279_lvgd_315182_23,BranchTee_mvgd_2279_lvgd_315182_46,0.0008934302157175443,4.180377202496464,residential
Load_mvgd_2279_lvgd_315182_24,BranchTee_mvgd_2279_lvgd_315182_48,0.0008934302157175443,4.180377202496464,residential
Load_mvgd_2279_lvgd_315182_25,BranchTee_mvgd_2279_lvgd_315182_50,0.0008934302157175443,4.180377202496464,residential
Load_mvgd_2279_lvgd_315182_26,BranchTee_mvgd_2279_lvgd_315182_52,0.0008934302157175443,4.180377202496464,residential
Load_mvgd_2279_lvgd_315182_27,BranchTee_mvgd_2279_lvgd_315182_54,0.0008934302157175443,4.180377202496464,residential
Load_mvgd_2279_lvgd_315182_28,BranchTee_mvgd_2279_lvgd_315182_56,0.0008934302157175443,4.180377202496464,residential
Load_mvgd_2279_lvgd_315182_29,BranchTee_mvgd_2279_lvgd_315182_58,0.0008934302157175443,4.180377202496464,residential
Load_mvgd_2279_lvgd_315182_30,BranchTee_mvgd_2279_lvgd_315182_60,0.0008934302157175443,4.180377202496464,residential
Load_mvgd_2279_lvgd_315182_31,BranchTee_mvgd_2279_lvgd_315182_62,0.0008934302157175443,4.180377202496464,residential
Load_mvgd_2279_lvgd_315182_32,BranchTee_mvgd_2279_lvgd_315182_64,0.0008934302157175443,4.180377202496464,residential
Load_mvgd_2279_lvgd_315182_33,BranchTee_mvgd_2279_lvgd_315182_66,0.0008934302157175443,4.180377202496464,residential
Load_mvgd_2279_lvgd_315182_34,BranchTee_mvgd_2279_lvgd_315182_68,0.0008934302157175443,4.180377202496464,residential
Load_mvgd_2279_lvgd_315182_35,BranchTee_mvgd_2279_lvgd_315182_70,0.0008934302157175443,4.180377202496464,residential
Load_mvgd_2279_lvgd_315182_36,BranchTee_mvgd_2279_lvgd_315182_72,0.0008934302157175443,4.180377202496464,residential
Load_mvgd_2279_lvgd_315182_37,BranchTee_mvgd_2279_lvgd_315182_74,0.0008934302157175443,4.180377202496464,residential
Load_mvgd_2279_lvgd_315182_38,BranchTee_mvgd_2279_lvgd_315182_76,0.0008934302157175443,4.180377202496464,residential
Load_mvgd_2279_lvgd_315182_39,BranchTee_mvgd_2279_lvgd_315182_78,0.0008934302157175443,4.180377202496464,residential
Load_mvgd_2279_lvgd_315182_40,BranchTee_mvgd_2279_lvgd_315182_80,0.0008934302157175443,4.180377202496464,residential
Load_mvgd_2279_lvgd_315182_41,BranchTee_mvgd_2279_lvgd_315182_82,0.0008934302157175443,4.180377202496464,residential
Load_mvgd_2279_lvgd_315182_42,BranchTee_mvgd_2279_lvgd_315182_84,0.0008934302157175443,4.180377202496464,residential
Load_mvgd_2279_lvgd_315182_43,BranchTee_mvgd_2279_lvgd_315182_86,0.0008934302157175443,4.180377202496464,residential
Load_mvgd_2279_lvgd_315182_44,BranchTee_mvgd_2279_lvgd_315182_88,0.0008934302157175443,4.180377202496464,residential
Load_mvgd_2279_lvgd_315182_45,BranchTee_mvgd_2279_lvgd_315182_90,0.0008934302157175443,4.180377202496464,residential
Load_mvgd_2279_lvgd_315182_46,BranchTee_mvgd_2279_lvgd_315182_92,0.0008934302157175443,4.180377202496464,residential
Load_mvgd_2279_lvgd_315182_47,BranchTee_mvgd_2279_lvgd_315182_94,0.0008934302157175443,4.180377202496464,residential
Load_mvgd_2279_lvgd_315182_48,BranchTee_mvgd_2279_lvgd_315182_96,0.0008934302157175443,4.180377202496464,residential
Load_mvgd_2279_lvgd_315182_49,BranchTee_mvgd_2279_lvgd_315182_98,0.0008934302157175443,4.180377202496464,residential
Load_mvgd_2279_lvgd_315182_50,BranchTee_mvgd_2279_lvgd_315182_100,0.0008934302157175443,4.180377202496464,residential
Load_mvgd_2279_lvgd_315182_51,BranchTee_mvgd_2279_lvgd_315182_102,0.0008934302157175443,4.180377202496464,residential
Load_mvgd_2279_lvgd_315182_52,BranchTee_mvgd_2279_lvgd_315182_104,0.0008934302157175443,4.180377202496464,residential
Load_mvgd_2279_lvgd_315182_53,BranchTee_mvgd_2279_lvgd_315182_106,0.0008934302157175443,4.180377202496464,residential
Load_mvgd_2279_lvgd_315182_54,BranchTee_mvgd_2279_lvgd_315182_108,0.0008934302157175443,4.180377202496464,residential
Load_mvgd_2279_lvgd_315182_55,BranchTee_mvgd_2279_lvgd_315182_110,0.0008934302157175443,4.180377202496464,residential
Load_mvgd_2279_lvgd_315182_56,BranchTee_mvgd_2279_lvgd_315182_112,0.0008934302157175443,4.180377202496464,residential
Load_mvgd_2279_lvgd_315182_57,BranchTee_mvgd_2279_lvgd_315182_114,0.0008934302157175443,4.180377202496464,residential
Load_mvgd_2279_lvgd_315182_58,BranchTee_mvgd_2279_lvgd_315182_116,0.0008934302157175443,4.180377202496464,residential
Load_mvgd_2279_lvgd_315182_59,BranchTee_mvgd_2279_lvgd_315182_118,0.0008934302157175443,4.180377202496464,residential
Load_mvgd_2279_lvgd_315182_60,BranchTee_mvgd_2279_lvgd_315182_120,0.0008934302157175443,4.180377202496464,residential
Load_mvgd_2279_lvgd_315182_61,BranchTee_mvgd_2279_lvgd_315182_122,0.0008934302157175443,4.180377202496464,residential
Load_mvgd_2279_lvgd_315183_1,BranchTee_mvgd_2279_lvgd_315183_2,0.0009043885949868069,4.231651670348152,residential
Load_mvgd_2279_lvgd_315183_2,BranchTee_mvgd_2279_lvgd_315183_4,0.0009043885949868069,4.231651670348152,residential
Load_mvgd_2279_lvgd_315183_3,BranchTee_mvgd_2279_lvgd_315183_6,0.0009043885949868069,4.231651670348152,residential
Load_mvgd_2279_lvgd_315183_4,BranchTee_mvgd_2279_lvgd_315183_8,0.0009043885949868069,4.231651670348152,residential
Load_mvgd_2279_lvgd_315183_5,BranchTee_mvgd_2279_lvgd_315183_10,0.0009043885949868069,4.231651670348152,residential
Load_mvgd_2279_lvgd_315183_6,BranchTee_mvgd_2279_lvgd_315183_12,0.0009043885949868069,4.231651670348152,residential
Load_mvgd_2279_lvgd_315183_7,BranchTee_mvgd_2279_lvgd_315183_14,0.0009043885949868069,4.231651670348152,residential
Load_mvgd_2279_lvgd_315183_8,BranchTee_mvgd_2279_lvgd_315183_16,0.0009043885949868069,4.231651670348152,residential
Load_mvgd_2279_lvgd_315183_9,BranchTee_mvgd_2279_lvgd_315183_18,0.0009043885949868069,4.231651670348152,residential
Load_mvgd_2279_lvgd_315183_10,BranchTee_mvgd_2279_lvgd_315183_20,0.0009043885949868069,4.231651670348152,residential
Load_mvgd_2279_lvgd_315183_11,BranchTee_mvgd_2279_lvgd_315183_22,0.0009043885949868069,4.231651670348152,residential
Load_mvgd_2279_lvgd_315183_12,BranchTee_mvgd_2279_lvgd_315183_24,0.0009043885949868069,4.231651670348152,residential
Load_mvgd_2279_lvgd_315183_13,BranchTee_mvgd_2279_lvgd_315183_26,0.0009043885949868069,4.231651670348152,residential
Load_mvgd_2279_lvgd_315183_14,BranchTee_mvgd_2279_lvgd_315183_28,0.0009043885949868069,4.231651670348152,residential
Load_mvgd_2279_lvgd_315183_15,BranchTee_mvgd_2279_lvgd_315183_30,0.0009043885949868069,4.231651670348152,residential
Load_mvgd_2279_lvgd_315183_16,BranchTee_mvgd_2279_lvgd_315183_32,0.0009043885949868069,4.231651670348152,residential
Load_mvgd_2279_lvgd_315183_17,BranchTee_mvgd_2279_lvgd_315183_34,0.0009043885949868069,4.231651670348152,residential
Load_mvgd_2279_lvgd_315183_18,BranchTee_mvgd_2279_lvgd_315183_36,0.0009043885949868069,4.231651670348152,residential
Load_mvgd_2279_lvgd_315183_19,BranchTee_mvgd_2279_lvgd_315183_38,0.0009043885949868069,4.231651670348152,residential
Load_mvgd_2279_lvgd_315183_20,BranchTee_mvgd_2279_lvgd_315183_40,0.0009043885949868069,4.231651670348152,residential
Load_mvgd_2279_lvgd_315183_21,BranchTee_mvgd_2279_lvgd_315183_42,0.0009043885949868069,4.231651670348152,residential
Load_mvgd_2279_lvgd_315183_22,BranchTee_mvgd_2279_lvgd_315183_44,0.0009043885949868069,4.231651670348152,residential
Load_mvgd_2279_lvgd_315183_23,BranchTee_mvgd_2279_lvgd_315183_46,0.0009043885949868069,4.231651670348152,residential
Load_mvgd_2279_lvgd_315183_24,BranchTee_mvgd_2279_lvgd_315183_48,0.0009043885949868069,4.231651670348152,residential
Load_mvgd_2279_lvgd_315183_25,BranchTee_mvgd_2279_lvgd_315183_50,0.0009043885949868069,4.231651670348152,residential
Load_mvgd_2279_lvgd_315183_26,BranchTee_mvgd_2279_lvgd_315183_52,0.0009043885949868069,4.231651670348152,residential
Load_mvgd_2279_lvgd_315183_27,BranchTee_mvgd_2279_lvgd_315183_54,0.0009043885949868069,4.231651670348152,residential
Load_mvgd_2279_lvgd_315183_28,BranchTee_mvgd_2279_lvgd_315183_56,0.0009043885949868069,4.231651670348152,residential
Load_mvgd_2279_lvgd_315183_29,BranchTee_mvgd_2279_lvgd_315183_58,0.0009043885949868069,4.231651670348152,residential
Load_mvgd_2279_lvgd_315183_30,BranchTee_mvgd_2279_lvgd_315183_60,0.0009043885949868069,4.231651670348152,residential
Load_mvgd_2279_lvgd_315183_31,BranchTee_mvgd_2279_lvgd_315183_62,0.0009043885949868069,4.231651670348152,residential
Load_mvgd_2279_lvgd_315183_32,BranchTee_mvgd_2279_lvgd_315183_64,0.0009043885949868069,4.231651670348152,residential
Load_mvgd_2279_lvgd_315183_33,BranchTee_mvgd_2279_lvgd_315183_66,0.0009043885949868069,4.231651670348152,residential
Load_mvgd_2279_lvgd_315184_1,BranchTee_mvgd_2279_lvgd_315184_2,0.0008981148685340406,4.202296783333524,residential
Load_mvgd_2279_lvgd_315184_2,BranchTee_mvgd_2279_lvgd_315184_4,0.0008981148685340406,4.202296783333524,residential
Load_mvgd_2279_lvgd_315184_3,BranchTee_mvgd_2279_lvgd_315184_6,0.0008981148685340406,4.202296783333524,residential
Load_mvgd_2279_lvgd_315184_4,BranchTee_mvgd_2279_lvgd_315184_8,0.0008981148685340406,4.202296783333524,residential
Load_mvgd_2279_lvgd_315184_5,BranchTee_mvgd_2279_lvgd_315184_10,0.0008981148685340406,4.202296783333524,residential
Load_mvgd_2279_lvgd_315184_6,BranchTee_mvgd_2279_lvgd_315184_12,0.0008981148685340406,4.202296783333524,residential
Load_mvgd_2279_lvgd_315184_7,BranchTee_mvgd_2279_lvgd_315184_14,0.0008981148685340406,4.202296783333524,residential
Load_mvgd_2279_lvgd_315184_8,BranchTee_mvgd_2279_lvgd_315184_16,0.0008981148685340406,4.202296783333524,residential
Load_mvgd_2279_lvgd_315184_9,BranchTee_mvgd_2279_lvgd_315184_18,0.0008981148685340406,4.202296783333524,residential
Load_mvgd_2279_lvgd_315184_10,BranchTee_mvgd_2279_lvgd_315184_20,0.0008981148685340406,4.202296783333524,residential
Load_mvgd_2279_lvgd_315184_11,BranchTee_mvgd_2279_lvgd_315184_22,0.0008981148685340406,4.202296783333524,residential
Load_mvgd_2279_lvgd_315184_12,BranchTee_mvgd_2279_lvgd_315184_24,0.0008981148685340406,4.202296783333524,residential
Load_mvgd_2279_lvgd_315184_13,BranchTee_mvgd_2279_lvgd_315184_26,0.0008981148685340406,4.202296783333524,residential
Load_mvgd_2279_lvgd_315184_14,BranchTee_mvgd_2279_lvgd_315184_28,0.0008981148685340406,4.202296783333524,residential
Load_mvgd_2279_lvgd_315184_15,BranchTee_mvgd_2279_lvgd_315184_30,0.0008981148685340406,4.202296783333524,residential
Load_mvgd_2279_lvgd_315184_16,BranchTee_mvgd_2279_lvgd_315184_32,0.0008981148685340406,4.202296783333524,residential
Load_mvgd_2279_lvgd_315184_17,BranchTee_mvgd_2279_lvgd_315184_34,0.0008981148685340406,4.202296783333524,residential
Load_mvgd_2279_lvgd_315184_18,BranchTee_mvgd_2279_lvgd_315184_36,0.0008981148685340406,4.202296783333524,residential
Load_mvgd_2279_lvgd_315184_19,BranchTee_mvgd_2279_lvgd_315184_38,0.0008981148685340406,4.202296783333524,residential
Load_mvgd_2279_lvgd_315184_20,BranchTee_mvgd_2279_lvgd_315184_40,0.0008981148685340406,4.202296783333524,residential
Load_mvgd_2279_lvgd_315184_21,BranchTee_mvgd_2279_lvgd_315184_42,0.0008981148685340406,4.202296783333524,residential
Load_mvgd_2279_lvgd_315184_22,BranchTee_mvgd_2279_lvgd_315184_44,0.0008981148685340406,4.202296783333524,residential
Load_mvgd_2279_lvgd_315184_23,BranchTee_mvgd_2279_lvgd_315184_46,0.0008981148685340406,4.202296783333524,residential
Load_mvgd_2279_lvgd_315184_24,BranchTee_mvgd_2279_lvgd_315184_48,0.0008981148685340406,4.202296783333524,residential
Load_mvgd_2279_lvgd_315184_25,BranchTee_mvgd_2279_lvgd_315184_50,0.0008981148685340406,4.202296783333524,residential
Load_mvgd_2279_lvgd_315184_26,BranchTee_mvgd_2279_lvgd_315184_52,0.0008981148685340406,4.202296783333524,residential
Load_mvgd_2279_lvgd_315184_27,BranchTee_mvgd_2279_lvgd_315184_54,0.0008981148685340406,4.202296783333524,residential
Load_mvgd_2279_lvgd_315184_28,BranchTee_mvgd_2279_lvgd_315184_56,0.0008981148685340406,4.202296783333524,residential
Load_mvgd_2279_lvgd_315184_29,BranchTee_mvgd_2279_lvgd_315184_58,0.0008981148685340406,4.202296783333524,residential
Load_mvgd_2279_lvgd_315184_30,BranchTee_mvgd_2279_lvgd_315184_60,0.0008981148685340406,4.202296783333524,residential
Load_mvgd_2279_lvgd_315184_31,BranchTee_mvgd_2279_lvgd_315184_62,0.0008981148685340406,4.202296783333524,residential
Load_mvgd_2279_lvgd_315184_32,BranchTee_mvgd_2279_lvgd_315184_64,0.0008981148685340406,4.202296783333524,residential
Load_mvgd_2279_lvgd_315184_33,BranchTee_mvgd_2279_lvgd_315184_66,0.0008981148685340406,4.202296783333524,residential
Load_mvgd_2279_lvgd_315184_34,BranchTee_mvgd_2279_lvgd_315184_68,0.0008981148685340406,4.202296783333524,residential
Load_mvgd_2279_lvgd_315184_35,BranchTee_mvgd_2279_lvgd_315184_70,0.0008981148685340406,4.202296783333524,residential
Load_mvgd_2279_lvgd_315184_36,BranchTee_mvgd_2279_lvgd_315184_72,0.0008981148685340406,4.202296783333524,residential
Load_mvgd_2279_lvgd_315184_37,BranchTee_mvgd_2279_lvgd_315184_74,0.0008981148685340406,4.202296783333524,residential
Load_mvgd_2279_lvgd_315184_38,BranchTee_mvgd_2279_lvgd_315184_76,0.0008981148685340406,4.202296783333524,residential
Load_mvgd_2279_lvgd_315184_39,BranchTee_mvgd_2279_lvgd_315184_78,0.0008981148685340406,4.202296783333524,residential
Load_mvgd_2279_lvgd_315184_40,BranchTee_mvgd_2279_lvgd_315184_80,0.0008981148685340406,4.202296783333524,residential
Load_mvgd_2279_lvgd_315184_41,BranchTee_mvgd_2279_lvgd_315184_82,0.0008981148685340406,4.202296783333524,residential
Load_mvgd_2279_lvgd_315184_42,BranchTee_mvgd_2279_lvgd_315184_84,0.0008981148685340406,4.202296783333524,residential
Load_mvgd_2279_lvgd_315184_43,BranchTee_mvgd_2279_lvgd_315184_86,0.0008981148685340406,4.202296783333524,residential
Load_mvgd_2279_lvgd_315184_44,BranchTee_mvgd_2279_lvgd_315184_88,0.0008981148685340406,4.202296783333524,residential
Load_mvgd_2279_lvgd_315184_45,BranchTee_mvgd_2279_lvgd_315184_90,0.0008981148685340406,4.202296783333524,residential
Load_mvgd_2279_lvgd_315184_46,BranchTee_mvgd_2279_lvgd_315184_92,0.0008981148685340406,4.202296783333524,residential
Load_mvgd_2279_lvgd_315184_47,BranchTee_mvgd_2279_lvgd_315184_94,0.0008981148685340406,4.202296783333524,residential
Load_mvgd_2279_lvgd_315184_48,BranchTee_mvgd_2279_lvgd_315184_96,0.0008981148685340406,4.202296783333524,residential
Load_mvgd_2279_lvgd_315184_49,BranchTee_mvgd_2279_lvgd_315184_98,0.0008981148685340406,4.202296783333524,residential
Load_mvgd_2279_lvgd_315184_50,BranchTee_mvgd_2279_lvgd_315184_100,0.0008981148685340406,4.202296783333524,residential
Load_mvgd_2279_lvgd_315184_51,BranchTee_mvgd_2279_lvgd_315184_102,0.0008981148685340406,4.202296783333524,residential
Load_mvgd_2279_lvgd_315184_52,BranchTee_mvgd_2279_lvgd_315184_104,0.0008981148685340406,4.202296783333524,residential
Load_mvgd_2279_lvgd_315184_53,BranchTee_mvgd_2279_lvgd_315184_106,0.0008981148685340406,4.202296783333524,residential
Load_mvgd_2279_lvgd_315184_54,BranchTee_mvgd_2279_lvgd_315184_108,0.0008981148685340406,4.202296783333524,residential
Load_mvgd_2279_lvgd_315184_55,BranchTee_mvgd_2279_lvgd_315184_110,0.0008981148685340406,4.202296783333524,residential
Load_mvgd_2279_lvgd_315184_56,BranchTee_mvgd_2279_lvgd_315184_112,0.0008981148685340406,4.202296783333524,residential
Load_mvgd_2279_lvgd_315184_57,BranchTee_mvgd_2279_lvgd_315184_114,0.0008981148685340406,4.202296783333524,residential
Load_mvgd_2279_lvgd_315184_58,BranchTee_mvgd_2279_lvgd_315184_116,0.0008981148685340406,4.202296783333524,residential
Load_mvgd_2279_lvgd_315184_59,BranchTee_mvgd_2279_lvgd_315184_118,0.0008981148685340406,4.202296783333524,residential
Load_mvgd_2279_lvgd_315184_60,BranchTee_mvgd_2279_lvgd_315184_120,0.0008981148685340406,4.202296783333524,residential
Load_mvgd_2279_lvgd_315184_61,BranchTee_mvgd_2279_lvgd_315184_122,0.0008981148685340406,4.202296783333524,residential
Load_mvgd_2279_lvgd_315184_62,BranchTee_mvgd_2279_lvgd_315184_124,0.0008981148685340406,4.202296783333524,residential
Load_mvgd_2279_lvgd_315184_63,BranchTee_mvgd_2279_lvgd_315184_126,0.0008981148685340406,4.202296783333524,residential
Load_mvgd_2279_lvgd_315184_64,BranchTee_mvgd_2279_lvgd_315184_128,0.0008981148685340406,4.202296783333524,residential
Load_mvgd_2279_lvgd_315184_65,BranchTee_mvgd_2279_lvgd_315184_130,0.0008981148685340406,4.202296783333524,residential
Load_mvgd_2279_lvgd_315184_66,BranchTee_mvgd_2279_lvgd_315184_132,0.0008981148685340406,4.202296783333524,residential
Load_mvgd_2279_lvgd_315184_67,BranchTee_mvgd_2279_lvgd_315184_134,0.0008981148685340406,4.202296783333524,residential
Load_mvgd_2279_lvgd_315184_68,BranchTee_mvgd_2279_lvgd_315184_136,0.0008981148685340406,4.202296783333524,residential
Load_mvgd_2279_lvgd_315184_69,BranchTee_mvgd_2279_lvgd_315184_138,0.0008981148685340406,4.202296783333524,residential
Load_mvgd_2279_lvgd_315184_70,BranchTee_mvgd_2279_lvgd_315184_140,0.0008981148685340406,4.202296783333524,residential
Load_mvgd_2279_lvgd_315184_71,BranchTee_mvgd_2279_lvgd_315184_142,0.0008981148685340406,4.202296783333524,residential
Load_mvgd_2279_lvgd_315184_72,BranchTee_mvgd_2279_lvgd_315184_144,0.0008981148685340406,4.202296783333524,residential
Load_mvgd_2279_lvgd_315184_73,BranchTee_mvgd_2279_lvgd_315184_146,0.0008981148685340406,4.202296783333524,residential
Load_mvgd_2279_lvgd_315184_74,BranchTee_mvgd_2279_lvgd_315184_148,0.0008981148685340406,4.202296783333524,residential
Load_mvgd_2279_lvgd_315184_75,BranchTee_mvgd_2279_lvgd_315184_150,0.0008981148685340406,4.202296783333524,residential
Load_mvgd_2279_lvgd_315184_76,BranchTee_mvgd_2279_lvgd_315184_152,0.0008981148685340406,4.202296783333524,residential
Load_mvgd_2279_lvgd_315184_77,BranchTee_mvgd_2279_lvgd_315184_154,0.0008981148685340406,4.202296783333524,residential
Load_mvgd_2279_lvgd_315184_78,BranchTee_mvgd_2279_lvgd_315184_156,0.0008981148685340406,4.202296783333524,residential
Load_mvgd_2279_lvgd_315184_79,BranchTee_mvgd_2279_lvgd_315184_158,0.0008981148685340406,4.202296783333524,residential
Load_mvgd_2279_lvgd_315184_80,BranchTee_mvgd_2279_lvgd_315184_160,0.0008981148685340406,4.202296783333524,residential
Load_mvgd_2279_lvgd_315184_81,BranchTee_mvgd_2279_lvgd_315184_162,0.0008981148685340406,4.202296783333524,residential
Load_mvgd_2279_lvgd_315184_82,BranchTee_mvgd_2279_lvgd_315184_164,0.0008981148685340406,4.202296783333524,residential
Load_mvgd_2279_lvgd_315184_83,BranchTee_mvgd_2279_lvgd_315184_166,0.0008981148685340406,4.202296783333524,residential
Load_mvgd_2279_lvgd_315184_84,BranchTee_mvgd_2279_lvgd_315184_168,0.0008981148685340406,4.202296783333524,residential
Load_mvgd_2279_lvgd_315184_85,BranchTee_mvgd_2279_lvgd_315184_170,0.0008981148685340406,4.202296783333524,residential
Load_mvgd_2279_lvgd_315184_86,BranchTee_mvgd_2279_lvgd_315184_172,0.0008981148685340406,4.202296783333524,residential
Load_mvgd_2279_lvgd_315184_87,BranchTee_mvgd_2279_lvgd_315184_174,0.0008981148685340406,4.202296783333524,residential
Load_mvgd_2279_lvgd_315184_88,BranchTee_mvgd_2279_lvgd_315184_176,0.0008981148685340406,4.202296783333524,residential
Load_mvgd_2279_lvgd_315184_89,BranchTee_mvgd_2279_lvgd_315184_178,0.0008981148685340406,4.202296783333524,residential
Load_mvgd_2279_lvgd_315185_1,BranchTee_mvgd_2279_lvgd_315185_2,0.0008859482878026682,4.14536911754945,residential
Load_mvgd_2279_lvgd_315185_2,BranchTee_mvgd_2279_lvgd_315185_4,0.0008859482878026682,4.14536911754945,residential
Load_mvgd_2279_lvgd_315185_3,BranchTee_mvgd_2279_lvgd_315185_6,0.0008859482878026682,4.14536911754945,residential
Load_mvgd_2279_lvgd_315185_4,BranchTee_mvgd_2279_lvgd_315185_8,0.0008859482878026682,4.14536911754945,residential
Load_mvgd_2279_lvgd_315185_5,BranchTee_mvgd_2279_lvgd_315185_10,0.0008859482878026682,4.14536911754945,residential
Load_mvgd_2279_lvgd_315185_6,BranchTee_mvgd_2279_lvgd_315185_12,0.0008859482878026682,4.14536911754945,residential
Load_mvgd_2279_lvgd_315185_7,BranchTee_mvgd_2279_lvgd_315185_14,0.0008859482878026682,4.14536911754945,residential
Load_mvgd_2279_lvgd_315185_8,BranchTee_mvgd_2279_lvgd_315185_16,0.0008859482878026682,4.14536911754945,residential
Load_mvgd_2279_lvgd_315185_9,BranchTee_mvgd_2279_lvgd_315185_18,0.0008859482878026682,4.14536911754945,residential
Load_mvgd_2279_lvgd_315185_10,BranchTee_mvgd_2279_lvgd_315185_20,0.0008859482878026682,4.14536911754945,residential
Load_mvgd_2279_lvgd_315185_11,BranchTee_mvgd_2279_lvgd_315185_22,0.0008859482878026682,4.14536911754945,residential
Load_mvgd_2279_lvgd_315185_12,BranchTee_mvgd_2279_lvgd_315185_24,0.0008859482878026682,4.14536911754945,residential
Load_mvgd_2279_lvgd_315185_13,BranchTee_mvgd_2279_lvgd_315185_26,0.0008859482878026682,4.14536911754945,residential
Load_mvgd_2279_lvgd_315185_14,BranchTee_mvgd_2279_lvgd_315185_28,0.0008859482878026682,4.14536911754945,residential
Load_mvgd_2279_lvgd_315185_15,BranchTee_mvgd_2279_lvgd_315185_30,0.0008859482878026682,4.14536911754945,residential
Load_mvgd_2279_lvgd_315185_16,BranchTee_mvgd_2279_lvgd_315185_32,0.0008859482878026682,4.14536911754945,residential
Load_mvgd_2279_lvgd_315185_17,BranchTee_mvgd_2279_lvgd_315185_34,0.0008859482878026682,4.14536911754945,residential
Load_mvgd_2279_lvgd_315185_18,BranchTee_mvgd_2279_lvgd_315185_36,0.0008859482878026682,4.14536911754945,residential
Load_mvgd_2279_lvgd_315185_19,BranchTee_mvgd_2279_lvgd_315185_38,0.0008859482878026682,4.14536911754945,residential
Load_mvgd_2279_lvgd_315185_20,BranchTee_mvgd_2279_lvgd_315185_40,0.0008859482878026682,4.14536911754945,residential
Load_mvgd_2279_lvgd_315185_21,BranchTee_mvgd_2279_lvgd_315185_42,0.0008859482878026682,4.14536911754945,residential
Load_mvgd_2279_lvgd_315185_22,BranchTee_mvgd_2279_lvgd_315185_44,0.0008859482878026682,4.14536911754945,residential
Load_mvgd_2279_lvgd_315185_23,BranchTee_mvgd_2279_lvgd_315185_46,0.0008859482878026682,4.14536911754945,residential
Load_mvgd_2279_lvgd_315185_24,BranchTee_mvgd_2279_lvgd_315185_48,0.0008859482878026682,4.14536911754945,residential
Load_mvgd_2279_lvgd_315185_25,BranchTee_mvgd_2279_lvgd_315185_50,0.0008859482878026682,4.14536911754945,residential
Load_mvgd_2279_lvgd_315185_26,BranchTee_mvgd_2279_lvgd_315185_52,0.0008859482878026682,4.14536911754945,residential
Load_mvgd_2279_lvgd_315185_27,BranchTee_mvgd_2279_lvgd_315185_54,0.0008859482878026682,4.14536911754945,residential
Load_mvgd_2279_lvgd_315185_28,BranchTee_mvgd_2279_lvgd_315185_56,0.0008859482878026682,4.14536911754945,residential
Load_mvgd_2279_lvgd_315185_29,BranchTee_mvgd_2279_lvgd_315185_58,0.0008859482878026682,4.14536911754945,residential
Load_mvgd_2279_lvgd_315322_1,BranchTee_mvgd_2279_lvgd_315322_2,0.15231756823906137,633.7059753663729,agricultural
Load_mvgd_2279_lvgd_315323_1,BranchTee_mvgd_2279_lvgd_315323_2,0.0008921007064679647,4.174156403087987,residential
Load_mvgd_2279_lvgd_315323_2,BranchTee_mvgd_2279_lvgd_315323_4,0.0008921007064679647,4.174156403087987,residential
Load_mvgd_2279_lvgd_315323_3,BranchTee_mvgd_2279_lvgd_315323_6,0.0008921007064679647,4.174156403087987,residential
Load_mvgd_2279_lvgd_315323_4,BranchTee_mvgd_2279_lvgd_315323_8,0.0008921007064679647,4.174156403087987,residential
Load_mvgd_2279_lvgd_315323_5,BranchTee_mvgd_2279_lvgd_315323_10,0.0008921007064679647,4.174156403087987,residential
Load_mvgd_2279_lvgd_315323_6,BranchTee_mvgd_2279_lvgd_315323_12,0.0008921007064679647,4.174156403087987,residential
Load_mvgd_2279_lvgd_315323_7,BranchTee_mvgd_2279_lvgd_315323_14,0.0008921007064679647,4.174156403087987,residential
Load_mvgd_2279_lvgd_315323_8,BranchTee_mvgd_2279_lvgd_315323_16,0.0008921007064679647,4.174156403087987,residential
Load_mvgd_2279_lvgd_315323_9,BranchTee_mvgd_2279_lvgd_315323_18,0.0008921007064679647,4.174156403087987,residential
Load_mvgd_2279_lvgd_315323_10,BranchTee_mvgd_2279_lvgd_315323_20,0.0008921007064679647,4.174156403087987,residential
Load_mvgd_2279_lvgd_315323_11,BranchTee_mvgd_2279_lvgd_315323_22,0.0008921007064679647,4.174156403087987,residential
Load_mvgd_2279_lvgd_315323_12,BranchTee_mvgd_2279_lvgd_315323_24,0.0008921007064679647,4.174156403087987,residential
Load_mvgd_2279_lvgd_315323_13,BranchTee_mvgd_2279_lvgd_315323_26,0.0008921007064679647,4.174156403087987,residential
Load_mvgd_2279_lvgd_315323_14,BranchTee_mvgd_2279_lvgd_315323_28,0.0008921007064679647,4.174156403087987,residential
Load_mvgd_2279_lvgd_315323_15,BranchTee_mvgd_2279_lvgd_315323_30,0.0008921007064679647,4.174156403087987,residential
Load_mvgd_2279_lvgd_315323_16,BranchTee_mvgd_2279_lvgd_315323_32,0.0008921007064679647,4.174156403087987,residential
Load_mvgd_2279_lvgd_315323_17,BranchTee_mvgd_2279_lvgd_315323_34,0.0008921007064679647,4.174156403087987,residential
Load_mvgd_2279_lvgd_315323_18,BranchTee_mvgd_2279_lvgd_315323_36,0.0008921007064679647,4.174156403087987,residential
Load_mvgd_2279_lvgd_315323_19,BranchTee_mvgd_2279_lvgd_315323_38,0.0008921007064679647,4.174156403087987,residential
Load_mvgd_2279_lvgd_315323_20,BranchTee_mvgd_2279_lvgd_315323_40,0.0008921007064679647,4.174156403087987,residential
Load_mvgd_2279_lvgd_315323_21,BranchTee_mvgd_2279_lvgd_315323_42,0.0008921007064679647,4.174156403087987,residential
Load_mvgd_2279_lvgd_315323_22,BranchTee_mvgd_2279_lvgd_315323_44,0.0008921007064679647,4.174156403087987,residential
Load_mvgd_2279_lvgd_315323_23,BranchTee_mvgd_2279_lvgd_315323_46,0.0008921007064679647,4.174156403087987,residential
Load_mvgd_2279_lvgd_315323_24,BranchTee_mvgd_2279_lvgd_315323_48,0.0008921007064679647,4.174156403087987,residential
Load_mvgd_2279_lvgd_315323_25,BranchTee_mvgd_2279_lvgd_315323_50,0.0008921007064679647,4.174156403087987,residential
Load_mvgd_2279_lvgd_315323_26,BranchTee_mvgd_2279_lvgd_315323_52,0.0008921007064679647,4.174156403087987,residential
Load_mvgd_2279_lvgd_315323_27,BranchTee_mvgd_2279_lvgd_315323_54,0.0008921007064679647,4.174156403087987,residential
Load_mvgd_2279_lvgd_315323_28,BranchTee_mvgd_2279_lvgd_315323_56,0.0008921007064679647,4.174156403087987,residential
Load_mvgd_2279_lvgd_315323_29,BranchTee_mvgd_2279_lvgd_315323_58,0.0008921007064679647,4.174156403087987,residential
Load_mvgd_2279_lvgd_315323_30,BranchTee_mvgd_2279_lvgd_315323_60,0.0008921007064679647,4.174156403087987,residential
Load_mvgd_2279_lvgd_315323_31,BranchTee_mvgd_2279_lvgd_315323_62,0.0008921007064679647,4.174156403087987,residential
Load_mvgd_2279_lvgd_315323_32,BranchTee_mvgd_2279_lvgd_315323_64,0.0008921007064679647,4.174156403087987,residential
Load_mvgd_2279_lvgd_315324_1,BranchTee_mvgd_2279_lvgd_315324_2,0.0008971984247906387,4.198008725391347,residential
Load_mvgd_2279_lvgd_315324_2,BranchTee_mvgd_2279_lvgd_315324_4,0.0008971984247906387,4.198008725391347,residential
Load_mvgd_2279_lvgd_315324_3,BranchTee_mvgd_2279_lvgd_315324_6,0.0008971984247906387,4.198008725391347,residential
Load_mvgd_2279_lvgd_315324_4,BranchTee_mvgd_2279_lvgd_315324_8,0.0008971984247906387,4.198008725391347,residential
Load_mvgd_2279_lvgd_315324_5,BranchTee_mvgd_2279_lvgd_315324_10,0.0008971984247906387,4.198008725391347,residential
Load_mvgd_2279_lvgd_315324_6,BranchTee_mvgd_2279_lvgd_315324_12,0.0008971984247906387,4.198008725391347,residential
Load_mvgd_2279_lvgd_315324_7,BranchTee_mvgd_2279_lvgd_315324_14,0.0008971984247906387,4.198008725391347,residential
Load_mvgd_2279_lvgd_315324_8,BranchTee_mvgd_2279_lvgd_315324_16,0.0008971984247906387,4.198008725391347,residential
Load_mvgd_2279_lvgd_315324_9,BranchTee_mvgd_2279_lvgd_315324_18,0.0008971984247906387,4.198008725391347,residential
Load_mvgd_2279_lvgd_315324_10,BranchTee_mvgd_2279_lvgd_315324_20,0.0008971984247906387,4.198008725391347,residential
Load_mvgd_2279_lvgd_315324_11,BranchTee_mvgd_2279_lvgd_315324_22,0.0008971984247906387,4.198008725391347,residential
Load_mvgd_2279_lvgd_315324_12,BranchTee_mvgd_2279_lvgd_315324_24,0.0008971984247906387,4.198008725391347,residential
Load_mvgd_2279_lvgd_315324_13,BranchTee_mvgd_2279_lvgd_315324_26,0.0008971984247906387,4.198008725391347,residential
Load_mvgd_2279_lvgd_315324_14,BranchTee_mvgd_2279_lvgd_315324_28,0.0008971984247906387,4.198008725391347,residential
Load_mvgd_2279_lvgd_315324_15,BranchTee_mvgd_2279_lvgd_315324_30,0.0008971984247906387,4.198008725391347,residential
Load_mvgd_2279_lvgd_315324_16,BranchTee_mvgd_2279_lvgd_315324_32,0.0008971984247906387,4.198008725391347,residential
Load_mvgd_2279_lvgd_315324_17,BranchTee_mvgd_2279_lvgd_315324_34,0.0008971984247906387,4.198008725391347,residential
Load_mvgd_2279_lvgd_315324_18,BranchTee_mvgd_2279_lvgd_315324_36,0.0008971984247906387,4.198008725391347,residential
Load_mvgd_2279_lvgd_315324_19,BranchTee_mvgd_2279_lvgd_315324_38,0.0008971984247906387,4.198008725391347,residential
Load_mvgd_2279_lvgd_315324_20,BranchTee_mvgd_2279_lvgd_315324_40,0.0008971984247906387,4.198008725391347,residential
Load_mvgd_2279_lvgd_315324_21,BranchTee_mvgd_2279_lvgd_315324_42,0.0008971984247906387,4.198008725391347,residential
Load_mvgd_2279_lvgd_315324_22,BranchTee_mvgd_2279_lvgd_315324_44,0.0008971984247906387,4.198008725391347,residential
Load_mvgd_2279_lvgd_315324_23,BranchTee_mvgd_2279_lvgd_315324_46,0.0008971984247906387,4.198008725391347,residential
Load_mvgd_2279_lvgd_315324_24,BranchTee_mvgd_2279_lvgd_315324_48,0.0008971984247906387,4.198008725391347,residential
Load_mvgd_2279_lvgd_315324_25,BranchTee_mvgd_2279_lvgd_315324_50,0.0008971984247906387,4.198008725391347,residential
Load_mvgd_2279_lvgd_315324_26,BranchTee_mvgd_2279_lvgd_315324_52,0.0008971984247906387,4.198008725391347,residential
Load_mvgd_2279_lvgd_315324_27,BranchTee_mvgd_2279_lvgd_315324_54,0.0008971984247906387,4.198008725391347,residential
Load_mvgd_2279_lvgd_315324_28,BranchTee_mvgd_2279_lvgd_315324_56,0.0008971984247906387,4.198008725391347,residential
Load_mvgd_2279_lvgd_315324_29,BranchTee_mvgd_2279_lvgd_315324_58,0.0008971984247906387,4.198008725391347,residential
Load_mvgd_2279_lvgd_315324_30,BranchTee_mvgd_2279_lvgd_315324_60,0.0008971984247906387,4.198008725391347,residential
Load_mvgd_2279_lvgd_315324_31,BranchTee_mvgd_2279_lvgd_315324_62,0.0008971984247906387,4.198008725391347,residential
Load_mvgd_2279_lvgd_315324_32,BranchTee_mvgd_2279_lvgd_315324_64,0.0008971984247906387,4.198008725391347,residential
Load_mvgd_2279_lvgd_315324_33,BranchTee_mvgd_2279_lvgd_315324_66,0.0008971984247906387,4.198008725391347,residential
Load_mvgd_2279_lvgd_315324_34,BranchTee_mvgd_2279_lvgd_315324_68,0.0008971984247906387,4.198008725391347,residential
Load_mvgd_2279_lvgd_315324_35,BranchTee_mvgd_2279_lvgd_315324_70,0.0008971984247906387,4.198008725391347,residential
Load_mvgd_2279_lvgd_315556_1,BranchTee_mvgd_2279_lvgd_315556_2,0.0008983391729467612,4.203346308004686,residential
Load_mvgd_2279_lvgd_315556_2,BranchTee_mvgd_2279_lvgd_315556_4,0.0008983391729467612,4.203346308004686,residential
Load_mvgd_2279_lvgd_315556_3,BranchTee_mvgd_2279_lvgd_315556_6,0.0008983391729467612,4.203346308004686,residential
Load_mvgd_2279_lvgd_315556_4,BranchTee_mvgd_2279_lvgd_315556_8,0.0008983391729467612,4.203346308004686,residential
Load_mvgd_2279_lvgd_315556_5,BranchTee_mvgd_2279_lvgd_315556_10,0.0008983391729467612,4.203346308004686,residential
Load_mvgd_2279_lvgd_315556_6,BranchTee_mvgd_2279_lvgd_315556_12,0.0008983391729467612,4.203346308004686,residential
Load_mvgd_2279_lvgd_315556_7,BranchTee_mvgd_2279_lvgd_315556_14,0.0008983391729467612,4.203346308004686,residential
Load_mvgd_2279_lvgd_315556_8,BranchTee_mvgd_2279_lvgd_315556_16,0.0008983391729467612,4.203346308004686,residential
Load_mvgd_2279_lvgd_315556_9,BranchTee_mvgd_2279_lvgd_315556_18,0.0008983391729467612,4.203346308004686,residential
Load_mvgd_2279_lvgd_315556_10,BranchTee_mvgd_2279_lvgd_315556_20,0.0008983391729467612,4.203346308004686,residential
Load_mvgd_2279_lvgd_315556_11,BranchTee_mvgd_2279_lvgd_315556_22,0.0008983391729467612,4.203346308004686,residential
Load_mvgd_2279_lvgd_315556_12,BranchTee_mvgd_2279_lvgd_315556_24,0.0008983391729467612,4.203346308004686,residential
Load_mvgd_2279_lvgd_315556_13,BranchTee_mvgd_2279_lvgd_315556_26,0.0008983391729467612,4.203346308004686,residential
Load_mvgd_2279_lvgd_315556_14,BranchTee_mvgd_2279_lvgd_315556_28,0.0008983391729467612,4.203346308004686,residential
Load_mvgd_2279_lvgd_315556_15,BranchTee_mvgd_2279_lvgd_315556_30,0.0008983391729467612,4.203346308004686,residential
Load_mvgd_2279_lvgd_315556_16,BranchTee_mvgd_2279_lvgd_315556_32,0.0008983391729467612,4.203346308004686,residential
Load_mvgd_2279_lvgd_315556_17,BranchTee_mvgd_2279_lvgd_315556_34,0.0008983391729467612,4.203346308004686,residential
Load_mvgd_2279_lvgd_315556_18,BranchTee_mvgd_2279_lvgd_315556_36,0.0008983391729467612,4.203346308004686,residential
Load_mvgd_2279_lvgd_315556_19,BranchTee_mvgd_2279_lvgd_315556_38,0.0008983391729467612,4.203346308004686,residential
Load_mvgd_2279_lvgd_315556_20,BranchTee_mvgd_2279_lvgd_315556_40,0.0008983391729467612,4.203346308004686,residential
Load_mvgd_2279_lvgd_315556_21,BranchTee_mvgd_2279_lvgd_315556_42,0.0008983391729467612,4.203346308004686,residential
Load_mvgd_2279_lvgd_315556_22,BranchTee_mvgd_2279_lvgd_315556_44,0.0008983391729467612,4.203346308004686,residential
Load_mvgd_2279_lvgd_315556_23,BranchTee_mvgd_2279_lvgd_315556_46,0.0008983391729467612,4.203346308004686,residential
Load_mvgd_2279_lvgd_315556_24,BranchTee_mvgd_2279_lvgd_315556_48,0.0008983391729467612,4.203346308004686,residential
Load_mvgd_2279_lvgd_315556_25,BranchTee_mvgd_2279_lvgd_315556_50,0.0008983391729467612,4.203346308004686,residential
Load_mvgd_2279_lvgd_315556_26,BranchTee_mvgd_2279_lvgd_315556_52,0.0008983391729467612,4.203346308004686,residential
Load_mvgd_2279_lvgd_315556_27,BranchTee_mvgd_2279_lvgd_315556_54,0.0008983391729467612,4.203346308004686,residential
Load_mvgd_2279_lvgd_315556_28,BranchTee_mvgd_2279_lvgd_315556_56,0.0008983391729467612,4.203346308004686,residential
Load_mvgd_2279_lvgd_315556_29,BranchTee_mvgd_2279_lvgd_315556_58,0.0008983391729467612,4.203346308004686,residential
Load_mvgd_2279_lvgd_315556_30,BranchTee_mvgd_2279_lvgd_315556_60,0.0008983391729467612,4.203346308004686,residential
Load_mvgd_2279_lvgd_315556_31,BranchTee_mvgd_2279_lvgd_315556_62,0.0008983391729467612,4.203346308004686,residential
Load_mvgd_2279_lvgd_315556_32,BranchTee_mvgd_2279_lvgd_315556_64,0.0008983391729467612,4.203346308004686,residential
Load_mvgd_2279_lvgd_315556_33,BranchTee_mvgd_2279_lvgd_315556_66,0.0008983391729467612,4.203346308004686,residential
Load_mvgd_2279_lvgd_315556_34,BranchTee_mvgd_2279_lvgd_315556_68,0.0008983391729467612,4.203346308004686,residential
Load_mvgd_2279_lvgd_315556_35,BranchTee_mvgd_2279_lvgd_315556_70,0.0008983391729467612,4.203346308004686,residential
Load_mvgd_2279_lvgd_315556_36,BranchTee_mvgd_2279_lvgd_315556_72,0.0008983391729467612,4.203346308004686,residential
Load_mvgd_2279_lvgd_315556_37,BranchTee_mvgd_2279_lvgd_315556_74,0.0008983391729467612,4.203346308004686,residential
Load_mvgd_2279_lvgd_315556_38,BranchTee_mvgd_2279_lvgd_315556_76,0.0008983391729467612,4.203346308004686,residential
Load_mvgd_2279_lvgd_315556_39,BranchTee_mvgd_2279_lvgd_315556_78,0.0008983391729467612,4.203346308004686,residential
Load_mvgd_2279_lvgd_315557_1,BranchTee_mvgd_2279_lvgd_315557_2,0.0008758806936230924,4.0982626503045685,residential
Load_mvgd_2279_lvgd_315557_2,BranchTee_mvgd_2279_lvgd_315557_4,0.0008758806936230924,4.0982626503045685,residential
Load_mvgd_2279_lvgd_315557_3,BranchTee_mvgd_2279_lvgd_315557_6,0.0008758806936230924,4.0982626503045685,residential
Load_mvgd_2279_lvgd_315557_4,BranchTee_mvgd_2279_lvgd_315557_8,0.0008758806936230924,4.0982626503045685,residential
Load_mvgd_2279_lvgd_315557_5,BranchTee_mvgd_2279_lvgd_315557_10,0.0008758806936230924,4.0982626503045685,residential
Load_mvgd_2279_lvgd_315557_6,BranchTee_mvgd_2279_lvgd_315557_12,0.0008758806936230924,4.0982626503045685,residential
Load_mvgd_2279_lvgd_315557_7,BranchTee_mvgd_2279_lvgd_315557_14,0.0008758806936230924,4.0982626503045685,residential
Load_mvgd_2279_lvgd_315557_8,BranchTee_mvgd_2279_lvgd_315557_16,0.0008758806936230924,4.0982626503045685,residential
Load_mvgd_2279_lvgd_315558_1,BranchTee_mvgd_2279_lvgd_315558_2,0.000884727973356659,4.139659242731887,residential
Load_mvgd_2279_lvgd_315558_2,BranchTee_mvgd_2279_lvgd_315558_4,0.000884727973356659,4.139659242731887,residential
Load_mvgd_2279_lvgd_315558_3,BranchTee_mvgd_2279_lvgd_315558_6,0.000884727973356659,4.139659242731887,residential
Load_mvgd_2279_lvgd_315558_4,BranchTee_mvgd_2279_lvgd_315558_8,0.000884727973356659,4.139659242731887,residential
Load_mvgd_2279_lvgd_315558_5,BranchTee_mvgd_2279_lvgd_315558_10,0.000884727973356659,4.139659242731887,residential
Load_mvgd_2279_lvgd_315558_6,BranchTee_mvgd_2279_lvgd_315558_12,0.000884727973356659,4.139659242731887,residential
Load_mvgd_2279_lvgd_315558_7,BranchTee_mvgd_2279_lvgd_315558_14,0.000884727973356659,4.139659242731887,residential
Load_mvgd_2279_lvgd_315558_8,BranchTee_mvgd_2279_lvgd_315558_16,0.000884727973356659,4.139659242731887,residential
Load_mvgd_2279_lvgd_315558_9,BranchTee_mvgd_2279_lvgd_315558_18,0.000884727973356659,4.139659242731887,residential
Load_mvgd_2279_lvgd_315558_10,BranchTee_mvgd_2279_lvgd_315558_20,0.000884727973356659,4.139659242731887,residential
Load_mvgd_2279_lvgd_315558_11,BranchTee_mvgd_2279_lvgd_315558_22,0.000884727973356659,4.139659242731887,residential
Load_mvgd_2279_lvgd_315558_12,BranchTee_mvgd_2279_lvgd_315558_24,0.000884727973356659,4.139659242731887,residential
Load_mvgd_2279_lvgd_315558_13,BranchTee_mvgd_2279_lvgd_315558_26,0.000884727973356659,4.139659242731887,residential
Load_mvgd_2279_lvgd_315558_14,BranchTee_mvgd_2279_lvgd_315558_28,0.000884727973356659,4.139659242731887,residential
Load_mvgd_2279_lvgd_315558_15,BranchTee_mvgd_2279_lvgd_315558_30,0.000884727973356659,4.139659242731887,residential
Load_mvgd_2279_lvgd_315558_16,BranchTee_mvgd_2279_lvgd_315558_32,0.000884727973356659,4.139659242731887,residential
Load_mvgd_2279_lvgd_315558_17,BranchTee_mvgd_2279_lvgd_315558_34,0.000884727973356659,4.139659242731887,residential
Load_mvgd_2279_lvgd_315558_18,BranchTee_mvgd_2279_lvgd_315558_36,0.000884727973356659,4.139659242731887,residential
Load_mvgd_2279_lvgd_315558_19,BranchTee_mvgd_2279_lvgd_315558_38,0.000884727973356659,4.139659242731887,residential
Load_mvgd_2279_lvgd_315558_20,BranchTee_mvgd_2279_lvgd_315558_40,0.000884727973356659,4.139659242731887,residential
Load_mvgd_2279_lvgd_315558_21,BranchTee_mvgd_2279_lvgd_315558_42,0.000884727973356659,4.139659242731887,residential
Load_mvgd_2279_lvgd_315558_22,BranchTee_mvgd_2279_lvgd_315558_44,0.000884727973356659,4.139659242731887,residential
Load_mvgd_2279_lvgd_315559_1,BranchTee_mvgd_2279_lvgd_315559_2,0.0008888567038989899,4.158977652531304,residential
Load_mvgd_2279_lvgd_315559_2,BranchTee_mvgd_2279_lvgd_315559_4,0.0008888567038989899,4.158977652531304,residential
Load_mvgd_2279_lvgd_315559_3,BranchTee_mvgd_2279_lvgd_315559_6,0.0008888567038989899,4.158977652531304,residential
Load_mvgd_2279_lvgd_315559_4,BranchTee_mvgd_2279_lvgd_315559_8,0.0008888567038989899,4.158977652531304,residential
Load_mvgd_2279_lvgd_315559_5,BranchTee_mvgd_2279_lvgd_315559_10,0.0008888567038989899,4.158977652531304,residential
Load_mvgd_2279_lvgd_315559_6,BranchTee_mvgd_2279_lvgd_315559_12,0.0008888567038989899,4.158977652531304,residential
Load_mvgd_2279_lvgd_315559_7,BranchTee_mvgd_2279_lvgd_315559_14,0.0008888567038989899,4.158977652531304,residential
Load_mvgd_2279_lvgd_315559_8,BranchTee_mvgd_2279_lvgd_315559_16,0.0008888567038989899,4.158977652531304,residential
Load_mvgd_2279_lvgd_315559_9,BranchTee_mvgd_2279_lvgd_315559_18,0.0008888567038989899,4.158977652531304,residential
Load_mvgd_2279_lvgd_315559_10,BranchTee_mvgd_2279_lvgd_315559_20,0.0008888567038989899,4.158977652531304,residential
Load_mvgd_2279_lvgd_315559_11,BranchTee_mvgd_2279_lvgd_315559_22,0.0008888567038989899,4.158977652531304,residential
Load_mvgd_2279_lvgd_315559_12,BranchTee_mvgd_2279_lvgd_315559_24,0.0008888567038989899,4.158977652531304,residential
Load_mvgd_2279_lvgd_315559_13,BranchTee_mvgd_2279_lvgd_315559_26,0.0008888567038989899,4.158977652531304,residential
Load_mvgd_2279_lvgd_315559_14,BranchTee_mvgd_2279_lvgd_315559_28,0.0008888567038989899,4.158977652531304,residential
Load_mvgd_2279_lvgd_315559_15,BranchTee_mvgd_2279_lvgd_315559_30,0.0008888567038989899,4.158977652531304,residential
Load_mvgd_2279_lvgd_315559_16,BranchTee_mvgd_2279_lvgd_315559_32,0.0008888567038989899,4.158977652531304,residential
Load_mvgd_2279_lvgd_315559_17,BranchTee_mvgd_2279_lvgd_315559_34,0.0008888567038989899,4.158977652531304,residential
Load_mvgd_2279_lvgd_315559_18,BranchTee_mvgd_2279_lvgd_315559_36,0.0008888567038989899,4.158977652531304,residential
Load_mvgd_2279_lvgd_315559_19,BranchTee_mvgd_2279_lvgd_315559_38,0.0008888567038989899,4.158977652531304,residential
Load_mvgd_2279_lvgd_315559_20,BranchTee_mvgd_2279_lvgd_315559_40,0.0008888567038989899,4.158977652531304,residential
Load_mvgd_2279_lvgd_315559_21,BranchTee_mvgd_2279_lvgd_315559_42,0.0008888567038989899,4.158977652531304,residential
Load_mvgd_2279_lvgd_315559_22,BranchTee_mvgd_2279_lvgd_315559_44,0.0008888567038989899,4.158977652531304,residential
Load_mvgd_2279_lvgd_315559_23,BranchTee_mvgd_2279_lvgd_315559_46,0.0008888567038989899,4.158977652531304,residential
Load_mvgd_2279_lvgd_315559_24,BranchTee_mvgd_2279_lvgd_315559_48,0.0008888567038989899,4.158977652531304,residential
Load_mvgd_2279_lvgd_315559_25,BranchTee_mvgd_2279_lvgd_315559_50,0.0008888567038989899,4.158977652531304,residential
Load_mvgd_2279_lvgd_315559_26,BranchTee_mvgd_2279_lvgd_315559_52,0.0008888567038989899,4.158977652531304,residential
Load_mvgd_2279_lvgd_315559_27,BranchTee_mvgd_2279_lvgd_315559_54,0.0008888567038989899,4.158977652531304,residential
Load_mvgd_2279_lvgd_315559_28,BranchTee_mvgd_2279_lvgd_315559_56,0.0008888567038989899,4.158977652531304,residential
Load_mvgd_2279_lvgd_315559_29,BranchTee_mvgd_2279_lvgd_315559_58,0.0008888567038989899,4.158977652531304,residential
Load_mvgd_2279_lvgd_315559_30,BranchTee_mvgd_2279_lvgd_315559_60,0.0008888567038989899,4.158977652531304,residential
Load_mvgd_2279_lvgd_315559_31,BranchTee_mvgd_2279_lvgd_315559_62,0.0008888567038989899,4.158977652531304,residential
Load_mvgd_2279_lvgd_315559_32,BranchTee_mvgd_2279_lvgd_315559_64,0.0008888567038989899,4.158977652531304,residential
Load_mvgd_2279_lvgd_315559_33,BranchTee_mvgd_2279_lvgd_315559_66,0.0008888567038989899,4.158977652531304,residential
Load_mvgd_2279_lvgd_315559_34,BranchTee_mvgd_2279_lvgd_315559_68,0.0008888567038989899,4.158977652531304,residential
Load_mvgd_2279_lvgd_315559_35,BranchTee_mvgd_2279_lvgd_315559_70,0.0008888567038989899,4.158977652531304,residential
Load_mvgd_2279_lvgd_315559_36,BranchTee_mvgd_2279_lvgd_315559_72,0.0008888567038989899,4.158977652531304,residential
Load_mvgd_2279_lvgd_315559_37,BranchTee_mvgd_2279_lvgd_315559_74,0.0008888567038989899,4.158977652531304,residential
Load_mvgd_2279_lvgd_315559_38,BranchTee_mvgd_2279_lvgd_315559_76,0.0008888567038989899,4.158977652531304,residential
Load_mvgd_2279_lvgd_315559_39,BranchTee_mvgd_2279_lvgd_315559_78,0.0008888567038989899,4.158977652531304,residential
Load_mvgd_2279_lvgd_315559_40,BranchTee_mvgd_2279_lvgd_315559_80,0.0008888567038989899,4.158977652531304,residential
Load_mvgd_2279_lvgd_315560_1,BranchTee_mvgd_2279_lvgd_315560_2,0.0009183022656789116,4.296754003738124,residential
Load_mvgd_2279_lvgd_315560_2,BranchTee_mvgd_2279_lvgd_315560_4,0.0009183022656789116,4.296754003738124,residential
Load_mvgd_2279_lvgd_315560_3,BranchTee_mvgd_2279_lvgd_315560_6,0.0009183022656789116,4.296754003738124,residential
Load_mvgd_2279_lvgd_315560_4,BranchTee_mvgd_2279_lvgd_315560_8,0.0009183022656789116,4.296754003738124,residential
Load_mvgd_2279_lvgd_315560_5,BranchTee_mvgd_2279_lvgd_315560_10,0.0009183022656789116,4.296754003738124,residential
Load_mvgd_2279_lvgd_315560_6,BranchTee_mvgd_2279_lvgd_315560_12,0.0009183022656789116,4.296754003738124,residential
Load_mvgd_2279_lvgd_315560_7,BranchTee_mvgd_2279_lvgd_315560_14,0.0009183022656789116,4.296754003738124,residential
Load_mvgd_2279_lvgd_315560_8,BranchTee_mvgd_2279_lvgd_315560_16,0.0009183022656789116,4.296754003738124,residential
Load_mvgd_2279_lvgd_315560_9,BranchTee_mvgd_2279_lvgd_315560_18,0.0009183022656789116,4.296754003738124,residential
Load_mvgd_2279_lvgd_315560_10,BranchTee_mvgd_2279_lvgd_315560_20,0.0009183022656789116,4.296754003738124,residential
Load_mvgd_2279_lvgd_315560_11,BranchTee_mvgd_2279_lvgd_315560_22,0.0009183022656789116,4.296754003738124,residential
Load_mvgd_2279_lvgd_315560_12,BranchTee_mvgd_2279_lvgd_315560_24,0.0009183022656789116,4.296754003738124,residential
Load_mvgd_2279_lvgd_315560_13,BranchTee_mvgd_2279_lvgd_315560_26,0.0009183022656789116,4.296754003738124,residential
Load_mvgd_2279_lvgd_315561_1,BranchTee_mvgd_2279_lvgd_315561_2,0.0008783760802146112,4.1099386122712485,residential
Load_mvgd_2279_lvgd_315561_2,BranchTee_mvgd_2279_lvgd_315561_4,0.0008783760802146112,4.1099386122712485,residential
Load_mvgd_2279_lvgd_315561_3,BranchTee_mvgd_2279_lvgd_315561_6,0.0008783760802146112,4.1099386122712485,residential
Load_mvgd_2279_lvgd_315561_4,BranchTee_mvgd_2279_lvgd_315561_8,0.0008783760802146112,4.1099386122712485,residential
Load_mvgd_2279_lvgd_315561_5,BranchTee_mvgd_2279_lvgd_315561_10,0.0008783760802146112,4.1099386122712485,residential
Load_mvgd_2279_lvgd_315561_6,BranchTee_mvgd_2279_lvgd_315561_12,0.0008783760802146112,4.1099386122712485,residential
Load_mvgd_2279_lvgd_315561_7,BranchTee_mvgd_2279_lvgd_315561_14,0.0008783760802146112,4.1099386122712485,residential
Load_mvgd_2279_lvgd_315561_8,BranchTee_mvgd_2279_lvgd_315561_16,0.0008783760802146112,4.1099386122712485,residential
Load_mvgd_2279_lvgd_315561_9,BranchTee_mvgd_2279_lvgd_315561_18,0.0008783760802146112,4.1099386122712485,residential
Load_mvgd_2279_lvgd_315561_10,BranchTee_mvgd_2279_lvgd_315561_20,0.0008783760802146112,4.1099386122712485,residential
Load_mvgd_2279_lvgd_315561_11,BranchTee_mvgd_2279_lvgd_315561_22,0.0008783760802146112,4.1099386122712485,residential
Load_mvgd_2279_lvgd_315561_12,BranchTee_mvgd_2279_lvgd_315561_24,0.0008783760802146112,4.1099386122712485,residential
Load_mvgd_2279_lvgd_315561_13,BranchTee_mvgd_2279_lvgd_315561_26,0.0008783760802146112,4.1099386122712485,residential
Load_mvgd_2279_lvgd_315667_1,BranchTee_mvgd_2279_lvgd_315667_2,0.0008921007064679647,4.174156403087987,residential
Load_mvgd_2279_lvgd_315667_2,BranchTee_mvgd_2279_lvgd_315667_4,0.0008921007064679647,4.174156403087987,residential
Load_mvgd_2279_lvgd_315667_3,BranchTee_mvgd_2279_lvgd_315667_6,0.0008921007064679647,4.174156403087987,residential
Load_mvgd_2279_lvgd_315667_4,BranchTee_mvgd_2279_lvgd_315667_8,0.0008921007064679647,4.174156403087987,residential
Load_mvgd_2279_lvgd_315667_5,BranchTee_mvgd_2279_lvgd_315667_10,0.0008921007064679647,4.174156403087987,residential
Load_mvgd_2279_lvgd_315667_6,BranchTee_mvgd_2279_lvgd_315667_12,0.0008921007064679647,4.174156403087987,residential
Load_mvgd_2279_lvgd_315667_7,BranchTee_mvgd_2279_lvgd_315667_14,0.0008921007064679647,4.174156403087987,residential
Load_mvgd_2279_lvgd_315667_8,BranchTee_mvgd_2279_lvgd_315667_16,0.0008921007064679647,4.174156403087987,residential
Load_mvgd_2279_lvgd_315667_9,BranchTee_mvgd_2279_lvgd_315667_18,0.0008921007064679647,4.174156403087987,residential
Load_mvgd_2279_lvgd_315667_10,BranchTee_mvgd_2279_lvgd_315667_20,0.0008921007064679647,4.174156403087987,residential
Load_mvgd_2279_lvgd_315667_11,BranchTee_mvgd_2279_lvgd_315667_22,0.0008921007064679647,4.174156403087987,residential
Load_mvgd_2279_lvgd_315667_12,BranchTee_mvgd_2279_lvgd_315667_24,0.0008921007064679647,4.174156403087987,residential
Load_mvgd_2279_lvgd_315667_13,BranchTee_mvgd_2279_lvgd_315667_26,0.0008921007064679647,4.174156403087987,residential
Load_mvgd_2279_lvgd_315667_14,BranchTee_mvgd_2279_lvgd_315667_28,0.0008921007064679647,4.174156403087987,residential
Load_mvgd_2279_lvgd_315667_15,BranchTee_mvgd_2279_lvgd_315667_30,0.0008921007064679647,4.174156403087987,residential
Load_mvgd_2279_lvgd_315667_16,BranchTee_mvgd_2279_lvgd_315667_32,0.0008921007064679647,4.174156403087987,residential
Load_mvgd_2279_lvgd_315668_1,BranchTee_mvgd_2279_lvgd_315668_2,0.0008362317733356275,3.9127445879451033,residential
Load_mvgd_2279_lvgd_315668_2,BranchTee_mvgd_2279_lvgd_315668_4,0.0008362317733356275,3.9127445879451033,residential
Load_mvgd_2279_lvgd_315668_3,BranchTee_mvgd_2279_lvgd_315668_6,0.0008362317733356275,3.9127445879451033,residential
Load_mvgd_2279_lvgd_315668_4,BranchTee_mvgd_2279_lvgd_315668_8,0.0008362317733356275,3.9127445879451033,residential
Load_mvgd_2279_lvgd_315668_5,BranchTee_mvgd_2279_lvgd_315668_10,0.0008362317733356275,3.9127445879451033,residential
Load_mvgd_2279_lvgd_315668_6,BranchTee_mvgd_2279_lvgd_315668_12,0.0008362317733356275,3.9127445879451033,residential
Load_mvgd_2279_lvgd_315668_7,BranchTee_mvgd_2279_lvgd_315668_14,0.0008362317733356275,3.9127445879451033,residential
Load_mvgd_2279_lvgd_315668_8,BranchTee_mvgd_2279_lvgd_315668_16,0.0008362317733356275,3.9127445879451033,residential
Load_mvgd_2279_lvgd_315668_9,BranchTee_mvgd_2279_lvgd_315668_18,0.0008362317733356275,3.9127445879451033,residential
Load_mvgd_2279_lvgd_315669_1,BranchTee_mvgd_2279_lvgd_315669_2,0.0009021416668005043,4.221138250049151,residential
Load_mvgd_2279_lvgd_315669_2,BranchTee_mvgd_2279_lvgd_315669_4,0.0009021416668005043,4.221138250049151,residential
Load_mvgd_2279_lvgd_315669_3,BranchTee_mvgd_2279_lvgd_315669_6,0.0009021416668005043,4.221138250049151,residential
Load_mvgd_2279_lvgd_315669_4,BranchTee_mvgd_2279_lvgd_315669_8,0.0009021416668005043,4.221138250049151,residential
Load_mvgd_2279_lvgd_315669_5,BranchTee_mvgd_2279_lvgd_315669_10,0.0009021416668005043,4.221138250049151,residential
Load_mvgd_2279_lvgd_315669_6,BranchTee_mvgd_2279_lvgd_315669_12,0.0009021416668005043,4.221138250049151,residential
Load_mvgd_2279_lvgd_315669_7,BranchTee_mvgd_2279_lvgd_315669_14,0.0009021416668005043,4.221138250049151,residential
Load_mvgd_2279_lvgd_315669_8,BranchTee_mvgd_2279_lvgd_315669_16,0.0009021416668005043,4.221138250049151,residential
Load_mvgd_2279_lvgd_315669_9,BranchTee_mvgd_2279_lvgd_315669_18,0.0009021416668005043,4.221138250049151,residential
Load_mvgd_2279_lvgd_315669_10,BranchTee_mvgd_2279_lvgd_315669_20,0.0009021416668005043,4.221138250049151,residential
Load_mvgd_2279_lvgd_315669_11,BranchTee_mvgd_2279_lvgd_315669_22,0.0009021416668005043,4.221138250049151,residential
Load_mvgd_2279_lvgd_315669_12,BranchTee_mvgd_2279_lvgd_315669_24,0.0009021416668005043,4.221138250049151,residential
Load_mvgd_2279_lvgd_315669_13,BranchTee_mvgd_2279_lvgd_315669_26,0.0009021416668005043,4.221138250049151,residential
Load_mvgd_2279_lvgd_315669_14,BranchTee_mvgd_2279_lvgd_315669_28,0.0009021416668005043,4.221138250049151,residential
Load_mvgd_2279_lvgd_315669_15,BranchTee_mvgd_2279_lvgd_315669_30,0.0009021416668005043,4.221138250049151,residential
Load_mvgd_2279_lvgd_315669_16,BranchTee_mvgd_2279_lvgd_315669_32,0.0009021416668005043,4.221138250049151,residential
Load_mvgd_2279_lvgd_315669_17,BranchTee_mvgd_2279_lvgd_315669_34,0.0009021416668005043,4.221138250049151,residential
Load_mvgd_2279_lvgd_315669_18,BranchTee_mvgd_2279_lvgd_315669_36,0.0009021416668005043,4.221138250049151,residential
Load_mvgd_2279_lvgd_315669_19,BranchTee_mvgd_2279_lvgd_315669_38,0.0009021416668005043,4.221138250049151,residential
Load_mvgd_2279_lvgd_315669_20,BranchTee_mvgd_2279_lvgd_315669_40,0.0009021416668005043,4.221138250049151,residential
Load_mvgd_2279_lvgd_315669_21,BranchTee_mvgd_2279_lvgd_315669_42,0.0009021416668005043,4.221138250049151,residential
Load_mvgd_2279_lvgd_315670_1,BranchTee_mvgd_2279_lvgd_315670_2,0.0008870872479522768,4.150698334045839,residential
Load_mvgd_2279_lvgd_315670_2,BranchTee_mvgd_2279_lvgd_315670_4,0.0008870872479522768,4.150698334045839,residential
Load_mvgd_2279_lvgd_315670_3,BranchTee_mvgd_2279_lvgd_315670_6,0.0008870872479522768,4.150698334045839,residential
Load_mvgd_2279_lvgd_315670_4,BranchTee_mvgd_2279_lvgd_315670_8,0.0008870872479522768,4.150698334045839,residential
Load_mvgd_2279_lvgd_315670_5,BranchTee_mvgd_2279_lvgd_315670_10,0.0008870872479522768,4.150698334045839,residential
Load_mvgd_2279_lvgd_315670_6,BranchTee_mvgd_2279_lvgd_315670_12,0.0008870872479522768,4.150698334045839,residential
Load_mvgd_2279_lvgd_315670_7,BranchTee_mvgd_2279_lvgd_315670_14,0.0008870872479522768,4.150698334045839,residential
Load_mvgd_2279_lvgd_315670_8,BranchTee_mvgd_2279_lvgd_315670_16,0.0008870872479522768,4.150698334045839,residential
Load_mvgd_2279_lvgd_315670_9,BranchTee_mvgd_2279_lvgd_315670_18,0.0008870872479522768,4.150698334045839,residential
Load_mvgd_2279_lvgd_315670_10,BranchTee_mvgd_2279_lvgd_315670_20,0.0008870872479522768,4.150698334045839,residential
Load_mvgd_2279_lvgd_315670_11,BranchTee_mvgd_2279_lvgd_315670_22,0.0008870872479522768,4.150698334045839,residential
Load_mvgd_2279_lvgd_315670_12,BranchTee_mvgd_2279_lvgd_315670_24,0.0008870872479522768,4.150698334045839,residential
Load_mvgd_2279_lvgd_315670_13,BranchTee_mvgd_2279_lvgd_315670_26,0.0008870872479522768,4.150698334045839,residential
Load_mvgd_2279_lvgd_315670_14,BranchTee_mvgd_2279_lvgd_315670_28,0.0008870872479522768,4.150698334045839,residential
Load_mvgd_2279_lvgd_315670_15,BranchTee_mvgd_2279_lvgd_315670_30,0.0008870872479522768,4.150698334045839,residential
Load_mvgd_2279_lvgd_315670_16,BranchTee_mvgd_2279_lvgd_315670_32,0.0008870872479522768,4.150698334045839,residential
Load_mvgd_2279_lvgd_315670_17,BranchTee_mvgd_2279_lvgd_315670_34,0.0008870872479522768,4.150698334045839,residential
Load_mvgd_2279_lvgd_315670_18,BranchTee_mvgd_2279_lvgd_315670_36,0.0008870872479522768,4.150698334045839,residential
Load_mvgd_2279_lvgd_315670_19,BranchTee_mvgd_2279_lvgd_315670_38,0.0008870872479522768,4.150698334045839,residential
Load_mvgd_2279_lvgd_315670_20,BranchTee_mvgd_2279_lvgd_315670_40,0.0008870872479522768,4.150698334045839,residential
Load_mvgd_2279_lvgd_315670_21,BranchTee_mvgd_2279_lvgd_315670_42,0.0008870872479522768,4.150698334045839,residential
Load_mvgd_2279_lvgd_315670_22,BranchTee_mvgd_2279_lvgd_315670_44,0.0008870872479522768,4.150698334045839,residential
Load_mvgd_2279_lvgd_315670_23,BranchTee_mvgd_2279_lvgd_315670_46,0.0008870872479522768,4.150698334045839,residential
Load_mvgd_2279_lvgd_315670_24,BranchTee_mvgd_2279_lvgd_315670_48,0.0008870872479522768,4.150698334045839,residential
Load_mvgd_2279_lvgd_315670_25,BranchTee_mvgd_2279_lvgd_315670_50,0.0008870872479522768,4.150698334045839,residential
Load_mvgd_2279_lvgd_315670_26,BranchTee_mvgd_2279_lvgd_315670_52,0.0008870872479522768,4.150698334045839,residential
Load_mvgd_2279_lvgd_315670_27,BranchTee_mvgd_2279_lvgd_315670_54,0.0008870872479522768,4.150698334045839,residential
Load_mvgd_2279_lvgd_315670_28,BranchTee_mvgd_2279_lvgd_315670_56,0.0008870872479522768,4.150698334045839,residential
Load_mvgd_2279_lvgd_315670_29,BranchTee_mvgd_2279_lvgd_315670_58,0.0008870872479522768,4.150698334045839,residential
Load_mvgd_2279_lvgd_315670_30,BranchTee_mvgd_2279_lvgd_315670_60,0.0008870872479522768,4.150698334045839,residential
Load_mvgd_2279_lvgd_315670_31,BranchTee_mvgd_2279_lvgd_315670_62,0.0008870872479522768,4.150698334045839,residential
Load_mvgd_2279_lvgd_315670_32,BranchTee_mvgd_2279_lvgd_315670_64,0.0008870872479522768,4.150698334045839,residential
Load_mvgd_2279_lvgd_315670_33,BranchTee_mvgd_2279_lvgd_315670_66,0.0008870872479522768,4.150698334045839,residential
Load_mvgd_2279_lvgd_315670_34,BranchTee_mvgd_2279_lvgd_315670_68,0.0008870872479522768,4.150698334045839,residential
Load_mvgd_2279_lvgd_315670_35,BranchTee_mvgd_2279_lvgd_315670_70,0.0008870872479522768,4.150698334045839,residential
Load_mvgd_2279_lvgd_315670_36,BranchTee_mvgd_2279_lvgd_315670_72,0.0008870872479522768,4.150698334045839,residential
Load_mvgd_2279_lvgd_315670_37,BranchTee_mvgd_2279_lvgd_315670_74,0.0008870872479522768,4.150698334045839,residential
Load_mvgd_2279_lvgd_315670_38,BranchTee_mvgd_2279_lvgd_315670_76,0.0008870872479522768,4.150698334045839,residential
Load_mvgd_2279_lvgd_315670_39,BranchTee_mvgd_2279_lvgd_315670_78,0.0008870872479522768,4.150698334045839,residential
Load_mvgd_2279_lvgd_315670_40,BranchTee_mvgd_2279_lvgd_315670_80,0.0008870872479522768,4.150698334045839,residential
Load_mvgd_2279_lvgd_315670_41,BranchTee_mvgd_2279_lvgd_315670_82,0.0008870872479522768,4.150698334045839,residential
Load_mvgd_2279_lvgd_315670_42,BranchTee_mvgd_2279_lvgd_315670_84,0.0008870872479522768,4.150698334045839,residential
Load_mvgd_2279_lvgd_315670_43,BranchTee_mvgd_2279_lvgd_315670_86,0.0008870872479522768,4.150698334045839,residential
Load_mvgd_2279_lvgd_315670_44,BranchTee_mvgd_2279_lvgd_315670_88,0.0008870872479522768,4.150698334045839,residential
Load_mvgd_2279_lvgd_315670_45,BranchTee_mvgd_2279_lvgd_315670_90,0.0008870872479522768,4.150698334045839,residential
Load_mvgd_2279_lvgd_315670_46,BranchTee_mvgd_2279_lvgd_315670_92,0.0008870872479522768,4.150698334045839,residential
Load_mvgd_2279_lvgd_315670_47,BranchTee_mvgd_2279_lvgd_315670_94,0.0008870872479522768,4.150698334045839,residential
Load_mvgd_2279_lvgd_315670_48,BranchTee_mvgd_2279_lvgd_315670_96,0.0008870872479522768,4.150698334045839,residential
Load_mvgd_2279_lvgd_315670_49,BranchTee_mvgd_2279_lvgd_315670_98,0.0008870872479522768,4.150698334045839,residential
Load_mvgd_2279_lvgd_315670_50,BranchTee_mvgd_2279_lvgd_315670_100,0.0008870872479522768,4.150698334045839,residential
Load_mvgd_2279_lvgd_315670_51,BranchTee_mvgd_2279_lvgd_315670_102,0.0008870872479522768,4.150698334045839,residential
Load_mvgd_2279_lvgd_315670_52,BranchTee_mvgd_2279_lvgd_315670_104,0.0008870872479522768,4.150698334045839,residential
Load_mvgd_2279_lvgd_315670_53,BranchTee_mvgd_2279_lvgd_315670_106,0.0008870872479522768,4.150698334045839,residential
Load_mvgd_2279_lvgd_315670_54,BranchTee_mvgd_2279_lvgd_315670_108,0.0008870872479522768,4.150698334045839,residential
Load_mvgd_2279_lvgd_315670_55,BranchTee_mvgd_2279_lvgd_315670_110,0.0008870872479522768,4.150698334045839,residential
Load_mvgd_2279_lvgd_512285_1,BranchTee_mvgd_2279_lvgd_512285_2,0.0008434406679333484,3.9464751447377333,residential
Load_mvgd_2279_lvgd_512285_2,BranchTee_mvgd_2279_lvgd_512285_4,0.0008434406679333484,3.9464751447377333,residential
Load_mvgd_2279_lvgd_512285_3,BranchTee_mvgd_2279_lvgd_512285_6,0.0008434406679333484,3.9464751447377333,residential
Load_mvgd_2279_lvgd_512285_4,BranchTee_mvgd_2279_lvgd_512285_8,0.0008434406679333484,3.9464751447377333,residential
Load_mvgd_2279_lvgd_472419_1,BranchTee_mvgd_2279_lvgd_472419_2,0.0010380808220718134,4.857200178138748,residential
Load_mvgd_2279_lvgd_315715_1,BranchTee_mvgd_2279_lvgd_315715_2,0.000934272739864632,4.371480160324874,residential
Load_mvgd_2279_lvgd_315715_2,BranchTee_mvgd_2279_lvgd_315715_4,0.000934272739864632,4.371480160324874,residential
Load_mvgd_2279_lvgd_315715_3,BranchTee_mvgd_2279_lvgd_315715_6,0.000934272739864632,4.371480160324874,residential
Load_mvgd_2279_lvgd_315715_4,BranchTee_mvgd_2279_lvgd_315715_8,0.000934272739864632,4.371480160324874,residential
Load_mvgd_2279_lvgd_315715_5,BranchTee_mvgd_2279_lvgd_315715_10,0.000934272739864632,4.371480160324874,residential
Load_mvgd_2279_lvgd_315716_1,BranchTee_mvgd_2279_lvgd_315716_2,0.25470791032541346,1059.6934195598828,agricultural
Load_mvgd_2279_lvgd_315716_2,BranchTee_mvgd_2279_lvgd_315716_4,0.0008304646576574507,3.8857601425109984,residential
Load_mvgd_2279_lvgd_315716_3,BranchTee_mvgd_2279_lvgd_315716_6,0.0008304646576574507,3.8857601425109984,residential
Load_mvgd_2279_lvgd_315716_4,BranchTee_mvgd_2279_lvgd_315716_8,0.0008304646576574507,3.8857601425109984,residential
Load_mvgd_2279_lvgd_315716_5,BranchTee_mvgd_2279_lvgd_315716_10,0.0008304646576574507,3.8857601425109984,residential
Load_mvgd_2279_lvgd_315716_6,BranchTee_mvgd_2279_lvgd_315716_12,0.0008304646576574507,3.8857601425109984,residential
Load_mvgd_2279_lvgd_315771_1,BranchTee_mvgd_2279_lvgd_315771_2,0.0009006877720917205,4.214335448679209,residential
Load_mvgd_2279_lvgd_315771_2,BranchTee_mvgd_2279_lvgd_315771_4,0.0009006877720917205,4.214335448679209,residential
Load_mvgd_2279_lvgd_315771_3,BranchTee_mvgd_2279_lvgd_315771_6,0.0009006877720917205,4.214335448679209,residential
Load_mvgd_2279_lvgd_315771_4,BranchTee_mvgd_2279_lvgd_315771_8,0.0009006877720917205,4.214335448679209,residential
Load_mvgd_2279_lvgd_315771_5,BranchTee_mvgd_2279_lvgd_315771_10,0.0009006877720917205,4.214335448679209,residential
Load_mvgd_2279_lvgd_315771_6,BranchTee_mvgd_2279_lvgd_315771_12,0.0009006877720917205,4.214335448679209,residential
Load_mvgd_2279_lvgd_315771_7,BranchTee_mvgd_2279_lvgd_315771_14,0.0009006877720917205,4.214335448679209,residential
Load_mvgd_2279_lvgd_315771_8,BranchTee_mvgd_2279_lvgd_315771_16,0.0009006877720917205,4.214335448679209,residential
Load_mvgd_2279_lvgd_315771_9,BranchTee_mvgd_2279_lvgd_315771_18,0.0009006877720917205,4.214335448679209,residential
Load_mvgd_2279_lvgd_315771_10,BranchTee_mvgd_2279_lvgd_315771_20,0.0009006877720917205,4.214335448679209,residential
Load_mvgd_2279_lvgd_315771_11,BranchTee_mvgd_2279_lvgd_315771_22,0.0009006877720917205,4.214335448679209,residential
Load_mvgd_2279_lvgd_315771_12,BranchTee_mvgd_2279_lvgd_315771_24,0.0009006877720917205,4.214335448679209,residential
Load_mvgd_2279_lvgd_315771_13,BranchTee_mvgd_2279_lvgd_315771_26,0.0009006877720917205,4.214335448679209,residential
Load_mvgd_2279_lvgd_315771_14,BranchTee_mvgd_2279_lvgd_315771_28,0.0009006877720917205,4.214335448679209,residential
Load_mvgd_2279_lvgd_315771_15,BranchTee_mvgd_2279_lvgd_315771_30,0.0009006877720917205,4.214335448679209,residential
Load_mvgd_2279_lvgd_315771_16,BranchTee_mvgd_2279_lvgd_315771_32,0.0009006877720917205,4.214335448679209,residential
Load_mvgd_2279_lvgd_315771_17,BranchTee_mvgd_2279_lvgd_315771_34,0.0009006877720917205,4.214335448679209,residential
Load_mvgd_2279_lvgd_315771_18,BranchTee_mvgd_2279_lvgd_315771_36,0.0009006877720917205,4.214335448679209,residential
Load_mvgd_2279_lvgd_315771_19,BranchTee_mvgd_2279_lvgd_315771_38,0.0009006877720917205,4.214335448679209,residential
Load_mvgd_2279_lvgd_315771_20,BranchTee_mvgd_2279_lvgd_315771_40,0.0009006877720917205,4.214335448679209,residential
Load_mvgd_2279_lvgd_315771_21,BranchTee_mvgd_2279_lvgd_315771_42,0.0009006877720917205,4.214335448679209,residential
Load_mvgd_2279_lvgd_315771_22,BranchTee_mvgd_2279_lvgd_315771_44,0.0009006877720917205,4.214335448679209,residential
Load_mvgd_2279_lvgd_315771_23,BranchTee_mvgd_2279_lvgd_315771_46,0.0009006877720917205,4.214335448679209,residential
Load_mvgd_2279_lvgd_315771_24,BranchTee_mvgd_2279_lvgd_315771_48,0.0009006877720917205,4.214335448679209,residential
Load_mvgd_2279_lvgd_315771_25,BranchTee_mvgd_2279_lvgd_315771_50,0.0009006877720917205,4.214335448679209,residential
Load_mvgd_2279_lvgd_315771_26,BranchTee_mvgd_2279_lvgd_315771_52,0.0009006877720917205,4.214335448679209,residential
Load_mvgd_2279_lvgd_315771_27,BranchTee_mvgd_2279_lvgd_315771_54,0.0009006877720917205,4.214335448679209,residential
Load_mvgd_2279_lvgd_315771_28,BranchTee_mvgd_2279_lvgd_315771_56,0.0009006877720917205,4.214335448679209,residential
Load_mvgd_2279_lvgd_315771_29,BranchTee_mvgd_2279_lvgd_315771_58,0.0009006877720917205,4.214335448679209,residential
Load_mvgd_2279_lvgd_315771_30,BranchTee_mvgd_2279_lvgd_315771_60,0.0009006877720917205,4.214335448679209,residential
Load_mvgd_2279_lvgd_315771_31,BranchTee_mvgd_2279_lvgd_315771_62,0.0009006877720917205,4.214335448679209,residential
Load_mvgd_2279_lvgd_315771_32,BranchTee_mvgd_2279_lvgd_315771_64,0.0009006877720917205,4.214335448679209,residential
Load_mvgd_2279_lvgd_315771_33,BranchTee_mvgd_2279_lvgd_315771_66,0.0009006877720917205,4.214335448679209,residential
Load_mvgd_2279_lvgd_315771_34,BranchTee_mvgd_2279_lvgd_315771_68,0.0009006877720917205,4.214335448679209,residential
Load_mvgd_2279_lvgd_315771_35,BranchTee_mvgd_2279_lvgd_315771_70,0.0009006877720917205,4.214335448679209,residential
Load_mvgd_2279_lvgd_315771_36,BranchTee_mvgd_2279_lvgd_315771_72,0.0009006877720917205,4.214335448679209,residential
Load_mvgd_2279_lvgd_315771_37,BranchTee_mvgd_2279_lvgd_315771_74,0.0009006877720917205,4.214335448679209,residential
Load_mvgd_2279_lvgd_315771_38,BranchTee_mvgd_2279_lvgd_315771_76,0.0009006877720917205,4.214335448679209,residential
Load_mvgd_2279_lvgd_315771_39,BranchTee_mvgd_2279_lvgd_315771_78,0.0009006877720917205,4.214335448679209,residential
Load_mvgd_2279_lvgd_315771_40,BranchTee_mvgd_2279_lvgd_315771_80,0.0009006877720917205,4.214335448679209,residential
Load_mvgd_2279_lvgd_315771_41,BranchTee_mvgd_2279_lvgd_315771_82,0.0009006877720917205,4.214335448679209,residential
Load_mvgd_2279_lvgd_315771_42,BranchTee_mvgd_2279_lvgd_315771_84,0.0009006877720917205,4.214335448679209,residential
Load_mvgd_2279_lvgd_315771_43,BranchTee_mvgd_2279_lvgd_315771_86,0.0009006877720917205,4.214335448679209,residential
Load_mvgd_2279_lvgd_315771_44,BranchTee_mvgd_2279_lvgd_315771_88,0.0009006877720917205,4.214335448679209,residential
Load_mvgd_2279_lvgd_315771_45,BranchTee_mvgd_2279_lvgd_315771_90,0.0009006877720917205,4.214335448679209,residential
Load_mvgd_2279_lvgd_315771_46,BranchTee_mvgd_2279_lvgd_315771_92,0.0009006877720917205,4.214335448679209,residential
Load_mvgd_2279_lvgd_315771_47,BranchTee_mvgd_2279_lvgd_315771_94,0.0009006877720917205,4.214335448679209,residential
Load_mvgd_2279_lvgd_315771_48,BranchTee_mvgd_2279_lvgd_315771_96,0.0009006877720917205,4.214335448679209,residential
Load_mvgd_2279_lvgd_315771_49,BranchTee_mvgd_2279_lvgd_315771_98,0.0009006877720917205,4.214335448679209,residential
Load_mvgd_2279_lvgd_315771_50,BranchTee_mvgd_2279_lvgd_315771_100,0.0009006877720917205,4.214335448679209,residential
Load_mvgd_2279_lvgd_315771_51,BranchTee_mvgd_2279_lvgd_315771_102,0.0009006877720917205,4.214335448679209,residential
Load_mvgd_2279_lvgd_315772_1,BranchTee_mvgd_2279_lvgd_315772_2,0.0008902528569033588,4.165510279353167,residential
Load_mvgd_2279_lvgd_315772_2,BranchTee_mvgd_2279_lvgd_315772_4,0.0008902528569033588,4.165510279353167,residential
Load_mvgd_2279_lvgd_315772_3,BranchTee_mvgd_2279_lvgd_315772_6,0.0008902528569033588,4.165510279353167,residential
Load_mvgd_2279_lvgd_315772_4,BranchTee_mvgd_2279_lvgd_315772_8,0.0008902528569033588,4.165510279353167,residential
Load_mvgd_2279_lvgd_315772_5,BranchTee_mvgd_2279_lvgd_315772_10,0.0008902528569033588,4.165510279353167,residential
Load_mvgd_2279_lvgd_315772_6,BranchTee_mvgd_2279_lvgd_315772_12,0.0008902528569033588,4.165510279353167,residential
Load_mvgd_2279_lvgd_315772_7,BranchTee_mvgd_2279_lvgd_315772_14,0.0008902528569033588,4.165510279353167,residential
Load_mvgd_2279_lvgd_315772_8,BranchTee_mvgd_2279_lvgd_315772_16,0.0008902528569033588,4.165510279353167,residential
Load_mvgd_2279_lvgd_315772_9,BranchTee_mvgd_2279_lvgd_315772_18,0.0008902528569033588,4.165510279353167,residential
Load_mvgd_2279_lvgd_315772_10,BranchTee_mvgd_2279_lvgd_315772_20,0.0008902528569033588,4.165510279353167,residential
Load_mvgd_2279_lvgd_315772_11,BranchTee_mvgd_2279_lvgd_315772_22,0.0008902528569033588,4.165510279353167,residential
Load_mvgd_2279_lvgd_315772_12,BranchTee_mvgd_2279_lvgd_315772_24,0.0008902528569033588,4.165510279353167,residential
Load_mvgd_2279_lvgd_315772_13,BranchTee_mvgd_2279_lvgd_315772_26,0.0008902528569033588,4.165510279353167,residential
Load_mvgd_2279_lvgd_315772_14,BranchTee_mvgd_2279_lvgd_315772_28,0.0008902528569033588,4.165510279353167,residential
Load_mvgd_2279_lvgd_315772_15,BranchTee_mvgd_2279_lvgd_315772_30,0.0008902528569033588,4.165510279353167,residential
Load_mvgd_2279_lvgd_315772_16,BranchTee_mvgd_2279_lvgd_315772_32,0.0008902528569033588,4.165510279353167,residential
Load_mvgd_2279_lvgd_315772_17,BranchTee_mvgd_2279_lvgd_315772_34,0.0008902528569033588,4.165510279353167,residential
Load_mvgd_2279_lvgd_315772_18,BranchTee_mvgd_2279_lvgd_315772_36,0.0008902528569033588,4.165510279353167,residential
Load_mvgd_2279_lvgd_315772_19,BranchTee_mvgd_2279_lvgd_315772_38,0.0008902528569033588,4.165510279353167,residential
Load_mvgd_2279_lvgd_315772_20,BranchTee_mvgd_2279_lvgd_315772_40,0.0008902528569033588,4.165510279353167,residential
Load_mvgd_2279_lvgd_315772_21,BranchTee_mvgd_2279_lvgd_315772_42,0.0008902528569033588,4.165510279353167,residential
Load_mvgd_2279_lvgd_315772_22,BranchTee_mvgd_2279_lvgd_315772_44,0.0008902528569033588,4.165510279353167,residential
Load_mvgd_2279_lvgd_315772_23,BranchTee_mvgd_2279_lvgd_315772_46,0.0008902528569033588,4.165510279353167,residential
Load_mvgd_2279_lvgd_315772_24,BranchTee_mvgd_2279_lvgd_315772_48,0.0008902528569033588,4.165510279353167,residential
Load_mvgd_2279_lvgd_315772_25,BranchTee_mvgd_2279_lvgd_315772_50,0.0008902528569033588,4.165510279353167,residential
Load_mvgd_2279_lvgd_315772_26,BranchTee_mvgd_2279_lvgd_315772_52,0.0008902528569033588,4.165510279353167,residential
Load_mvgd_2279_lvgd_315772_27,BranchTee_mvgd_2279_lvgd_315772_54,0.0008902528569033588,4.165510279353167,residential
Load_mvgd_2279_lvgd_315772_28,BranchTee_mvgd_2279_lvgd_315772_56,0.0008902528569033588,4.165510279353167,residential
Load_mvgd_2279_lvgd_315772_29,BranchTee_mvgd_2279_lvgd_315772_58,0.0008902528569033588,4.165510279353167,residential
Load_mvgd_2279_lvgd_315772_30,BranchTee_mvgd_2279_lvgd_315772_60,0.0008902528569033588,4.165510279353167,residential
Load_mvgd_2279_lvgd_315772_31,BranchTee_mvgd_2279_lvgd_315772_62,0.0008902528569033588,4.165510279353167,residential
Load_mvgd_2279_lvgd_315772_32,BranchTee_mvgd_2279_lvgd_315772_64,0.0008902528569033588,4.165510279353167,residential
Load_mvgd_2279_lvgd_315772_33,BranchTee_mvgd_2279_lvgd_315772_66,0.0008902528569033588,4.165510279353167,residential
Load_mvgd_2279_lvgd_315772_34,BranchTee_mvgd_2279_lvgd_315772_68,0.0008902528569033588,4.165510279353167,residential
Load_mvgd_2279_lvgd_315772_35,BranchTee_mvgd_2279_lvgd_315772_70,0.0008902528569033588,4.165510279353167,residential
Load_mvgd_2279_lvgd_315772_36,BranchTee_mvgd_2279_lvgd_315772_72,0.0008902528569033588,4.165510279353167,residential
Load_mvgd_2279_lvgd_315772_37,BranchTee_mvgd_2279_lvgd_315772_74,0.0008902528569033588,4.165510279353167,residential
Load_mvgd_2279_lvgd_315772_38,BranchTee_mvgd_2279_lvgd_315772_76,0.0008902528569033588,4.165510279353167,residential
Load_mvgd_2279_lvgd_315772_39,BranchTee_mvgd_2279_lvgd_315772_78,0.0008902528569033588,4.165510279353167,residential
Load_mvgd_2279_lvgd_315772_40,BranchTee_mvgd_2279_lvgd_315772_80,0.0008902528569033588,4.165510279353167,residential
Load_mvgd_2279_lvgd_315772_41,BranchTee_mvgd_2279_lvgd_315772_82,0.0008902528569033588,4.165510279353167,residential
Load_mvgd_2279_lvgd_315772_42,BranchTee_mvgd_2279_lvgd_315772_84,0.0008902528569033588,4.165510279353167,residential
Load_mvgd_2279_lvgd_315772_43,BranchTee_mvgd_2279_lvgd_315772_86,0.0008902528569033588,4.165510279353167,residential
Load_mvgd_2279_lvgd_315772_44,BranchTee_mvgd_2279_lvgd_315772_88,0.0008902528569033588,4.165510279353167,residential
Load_mvgd_2279_lvgd_315772_45,BranchTee_mvgd_2279_lvgd_315772_90,0.0008902528569033588,4.165510279353167,residential
Load_mvgd_2279_lvgd_315772_46,BranchTee_mvgd_2279_lvgd_315772_92,0.0008902528569033588,4.165510279353167,residential
Load_mvgd_2279_lvgd_315772_47,BranchTee_mvgd_2279_lvgd_315772_94,0.0008902528569033588,4.165510279353167,residential
Load_mvgd_2279_lvgd_315772_48,BranchTee_mvgd_2279_lvgd_315772_96,0.0008902528569033588,4.165510279353167,residential
Load_mvgd_2279_lvgd_315772_49,BranchTee_mvgd_2279_lvgd_315772_98,0.0008902528569033588,4.165510279353167,residential
Load_mvgd_2279_lvgd_315772_50,BranchTee_mvgd_2279_lvgd_315772_100,0.0008902528569033588,4.165510279353167,residential
Load_mvgd_2279_lvgd_315772_51,BranchTee_mvgd_2279_lvgd_315772_102,0.0008902528569033588,4.165510279353167,residential
Load_mvgd_2279_lvgd_315772_52,BranchTee_mvgd_2279_lvgd_315772_104,0.0008902528569033588,4.165510279353167,residential
Load_mvgd_2279_lvgd_315772_53,BranchTee_mvgd_2279_lvgd_315772_106,0.0008902528569033588,4.165510279353167,residential
Load_mvgd_2279_lvgd_315772_54,BranchTee_mvgd_2279_lvgd_315772_108,0.0008902528569033588,4.165510279353167,residential
Load_mvgd_2279_lvgd_315772_55,BranchTee_mvgd_2279_lvgd_315772_110,0.0008902528569033588,4.165510279353167,residential
Load_mvgd_2279_lvgd_315772_56,BranchTee_mvgd_2279_lvgd_315772_112,0.0008902528569033588,4.165510279353167,residential
Load_mvgd_2279_lvgd_315772_57,BranchTee_mvgd_2279_lvgd_315772_114,0.0008902528569033588,4.165510279353167,residential
Load_mvgd_2279_lvgd_315772_58,BranchTee_mvgd_2279_lvgd_315772_116,0.0008902528569033588,4.165510279353167,residential
Load_mvgd_2279_lvgd_315772_59,BranchTee_mvgd_2279_lvgd_315772_118,0.0008902528569033588,4.165510279353167,residential
Load_mvgd_2279_lvgd_315772_60,BranchTee_mvgd_2279_lvgd_315772_120,0.0008902528569033588,4.165510279353167,residential
Load_mvgd_2279_lvgd_315772_61,BranchTee_mvgd_2279_lvgd_315772_122,0.0008902528569033588,4.165510279353167,residential
Load_mvgd_2279_lvgd_315772_62,BranchTee_mvgd_2279_lvgd_315772_124,0.0008902528569033588,4.165510279353167,residential
Load_mvgd_2279_lvgd_315772_63,BranchTee_mvgd_2279_lvgd_315772_126,0.0008902528569033588,4.165510279353167,residential
Load_mvgd_2279_lvgd_315772_64,BranchTee_mvgd_2279_lvgd_315772_128,0.0008902528569033588,4.165510279353167,residential
Load_mvgd_2279_lvgd_315772_65,BranchTee_mvgd_2279_lvgd_315772_130,0.0008902528569033588,4.165510279353167,residential
Load_mvgd_2279_lvgd_315772_66,BranchTee_mvgd_2279_lvgd_315772_132,0.0008902528569033588,4.165510279353167,residential
Load_mvgd_2279_lvgd_315772_67,BranchTee_mvgd_2279_lvgd_315772_134,0.0008902528569033588,4.165510279353167,residential
Load_mvgd_2279_lvgd_315772_68,BranchTee_mvgd_2279_lvgd_315772_136,0.0008902528569033588,4.165510279353167,residential
Load_mvgd_2279_lvgd_315772_69,BranchTee_mvgd_2279_lvgd_315772_138,0.0008902528569033588,4.165510279353167,residential
Load_mvgd_2279_lvgd_315772_70,BranchTee_mvgd_2279_lvgd_315772_140,0.0008902528569033588,4.165510279353167,residential
Load_mvgd_2279_lvgd_315772_71,BranchTee_mvgd_2279_lvgd_315772_142,0.0008902528569033588,4.165510279353167,residential
Load_mvgd_2279_lvgd_315772_72,BranchTee_mvgd_2279_lvgd_315772_144,0.0008902528569033588,4.165510279353167,residential
Load_mvgd_2279_lvgd_315772_73,BranchTee_mvgd_2279_lvgd_315772_146,0.0008902528569033588,4.165510279353167,residential
Load_mvgd_2279_lvgd_315772_74,BranchTee_mvgd_2279_lvgd_315772_148,0.0008902528569033588,4.165510279353167,residential
Load_mvgd_2279_lvgd_315772_75,BranchTee_mvgd_2279_lvgd_315772_150,0.0008902528569033588,4.165510279353167,residential
Load_mvgd_2279_lvgd_315772_76,BranchTee_mvgd_2279_lvgd_315772_152,0.0008902528569033588,4.165510279353167,residential
Load_mvgd_2279_lvgd_315772_77,BranchTee_mvgd_2279_lvgd_315772_154,0.0008902528569033588,4.165510279353167,residential
Load_mvgd_2279_lvgd_315772_78,BranchTee_mvgd_2279_lvgd_315772_156,0.0008902528569033588,4.165510279353167,residential
Load_mvgd_2279_lvgd_315772_79,BranchTee_mvgd_2279_lvgd_315772_158,0.0008902528569033588,4.165510279353167,residential
Load_mvgd_2279_lvgd_473516_1,BranchTee_mvgd_2279_lvgd_473516_2,0.0010380808220718134,4.857200178138748,residential
Load_mvgd_2279_lvgd_473516_2,BranchTee_mvgd_2279_lvgd_473516_4,0.0010380808220718134,4.857200178138748,residential
Load_mvgd_2279_lvgd_315902_1,BranchTee_mvgd_2279_lvgd_315902_2,0.0009437098382471028,4.41563652558068,residential
Load_mvgd_2279_lvgd_315902_2,BranchTee_mvgd_2279_lvgd_315902_4,0.0009437098382471028,4.41563652558068,residential
Load_mvgd_2279_lvgd_315902_3,BranchTee_mvgd_2279_lvgd_315902_6,0.0009437098382471028,4.41563652558068,residential
Load_mvgd_2279_lvgd_315902_4,BranchTee_mvgd_2279_lvgd_315902_8,0.0009437098382471028,4.41563652558068,residential
Load_mvgd_2279_lvgd_315902_5,BranchTee_mvgd_2279_lvgd_315902_10,0.0009437098382471028,4.41563652558068,residential
Load_mvgd_2279_lvgd_315902_6,BranchTee_mvgd_2279_lvgd_315902_12,0.0009437098382471028,4.41563652558068,residential
Load_mvgd_2279_lvgd_315902_7,BranchTee_mvgd_2279_lvgd_315902_14,0.0009437098382471028,4.41563652558068,residential
Load_mvgd_2279_lvgd_315902_8,BranchTee_mvgd_2279_lvgd_315902_16,0.0009437098382471028,4.41563652558068,residential
Load_mvgd_2279_lvgd_315902_9,BranchTee_mvgd_2279_lvgd_315902_18,0.0009437098382471028,4.41563652558068,residential
Load_mvgd_2279_lvgd_315902_10,BranchTee_mvgd_2279_lvgd_315902_20,0.0009437098382471028,4.41563652558068,residential
Load_mvgd_2279_lvgd_315902_11,BranchTee_mvgd_2279_lvgd_315902_22,0.0009437098382471028,4.41563652558068,residential
Load_mvgd_2279_lvgd_474106_1,BranchTee_mvgd_2279_lvgd_474106_2,0.0012976010275897664,6.071500222673436,residential
Load_mvgd_2279_lvgd_315918_1,BranchTee_mvgd_2279_lvgd_315918_2,0.0008741733238499482,4.090273834222104,residential
Load_mvgd_2279_lvgd_315918_2,BranchTee_mvgd_2279_lvgd_315918_4,0.0008741733238499482,4.090273834222104,residential
Load_mvgd_2279_lvgd_315918_3,BranchTee_mvgd_2279_lvgd_315918_6,0.0008741733238499482,4.090273834222104,residential
Load_mvgd_2279_lvgd_315918_4,BranchTee_mvgd_2279_lvgd_315918_8,0.0008741733238499482,4.090273834222104,residential
Load_mvgd_2279_lvgd_315918_5,BranchTee_mvgd_2279_lvgd_315918_10,0.0008741733238499482,4.090273834222104,residential
Load_mvgd_2279_lvgd_315918_6,BranchTee_mvgd_2279_lvgd_315918_12,0.0008741733238499482,4.090273834222104,residential
Load_mvgd_2279_lvgd_315918_7,BranchTee_mvgd_2279_lvgd_315918_14,0.0008741733238499482,4.090273834222104,residential
Load_mvgd_2279_lvgd_315918_8,BranchTee_mvgd_2279_lvgd_315918_16,0.0008741733238499482,4.090273834222104,residential
Load_mvgd_2279_lvgd_315918_9,BranchTee_mvgd_2279_lvgd_315918_18,0.0008741733238499482,4.090273834222104,residential
Load_mvgd_2279_lvgd_315918_10,BranchTee_mvgd_2279_lvgd_315918_20,0.0008741733238499482,4.090273834222104,residential
Load_mvgd_2279_lvgd_315918_11,BranchTee_mvgd_2279_lvgd_315918_22,0.0008741733238499482,4.090273834222104,residential
Load_mvgd_2279_lvgd_315918_12,BranchTee_mvgd_2279_lvgd_315918_24,0.0008741733238499482,4.090273834222104,residential
Load_mvgd_2279_lvgd_315918_13,BranchTee_mvgd_2279_lvgd_315918_26,0.0008741733238499482,4.090273834222104,residential
Load_mvgd_2279_lvgd_315918_14,BranchTee_mvgd_2279_lvgd_315918_28,0.0008741733238499482,4.090273834222104,residential
Load_mvgd_2279_lvgd_315918_15,BranchTee_mvgd_2279_lvgd_315918_30,0.0008741733238499482,4.090273834222104,residential
Load_mvgd_2279_lvgd_315918_16,BranchTee_mvgd_2279_lvgd_315918_32,0.0008741733238499482,4.090273834222104,residential
Load_mvgd_2279_lvgd_315918_17,BranchTee_mvgd_2279_lvgd_315918_34,0.0008741733238499482,4.090273834222104,residential
Load_mvgd_2279_lvgd_315918_18,BranchTee_mvgd_2279_lvgd_315918_36,0.0008741733238499482,4.090273834222104,residential
Load_mvgd_2279_lvgd_315918_19,BranchTee_mvgd_2279_lvgd_315918_38,0.0008741733238499482,4.090273834222104,residential
Load_mvgd_2279_lvgd_315919_1,BranchTee_mvgd_2279_lvgd_315919_2,0.0009083207193128366,4.2500501558714046,residential
Load_mvgd_2279_lvgd_315919_2,BranchTee_mvgd_2279_lvgd_315919_4,0.0009083207193128366,4.2500501558714046,residential
Load_mvgd_2279_lvgd_315919_3,BranchTee_mvgd_2279_lvgd_315919_6,0.0009083207193128366,4.2500501558714046,residential
Load_mvgd_2279_lvgd_315919_4,BranchTee_mvgd_2279_lvgd_315919_8,0.0009083207193128366,4.2500501558714046,residential
Load_mvgd_2279_lvgd_315919_5,BranchTee_mvgd_2279_lvgd_315919_10,0.0009083207193128366,4.2500501558714046,residential
Load_mvgd_2279_lvgd_315919_6,BranchTee_mvgd_2279_lvgd_315919_12,0.0009083207193128366,4.2500501558714046,residential
Load_mvgd_2279_lvgd_315919_7,BranchTee_mvgd_2279_lvgd_315919_14,0.0009083207193128366,4.2500501558714046,residential
Load_mvgd_2279_lvgd_315919_8,BranchTee_mvgd_2279_lvgd_315919_16,0.0009083207193128366,4.2500501558714046,residential
Load_mvgd_2279_lvgd_315919_9,BranchTee_mvgd_2279_lvgd_315919_18,0.0009083207193128366,4.2500501558714046,residential
Load_mvgd_2279_lvgd_315919_10,BranchTee_mvgd_2279_lvgd_315919_20,0.0009083207193128366,4.2500501558714046,residential
Load_mvgd_2279_lvgd_315919_11,BranchTee_mvgd_2279_lvgd_315919_22,0.0009083207193128366,4.2500501558714046,residential
Load_mvgd_2279_lvgd_315919_12,BranchTee_mvgd_2279_lvgd_315919_24,0.0009083207193128366,4.2500501558714046,residential
Load_mvgd_2279_lvgd_315919_13,BranchTee_mvgd_2279_lvgd_315919_26,0.0009083207193128366,4.2500501558714046,residential
Load_mvgd_2279_lvgd_315919_14,BranchTee_mvgd_2279_lvgd_315919_28,0.0009083207193128366,4.2500501558714046,residential
Load_mvgd_2279_lvgd_315919_15,BranchTee_mvgd_2279_lvgd_315919_30,0.0009083207193128366,4.2500501558714046,residential
Load_mvgd_2279_lvgd_315919_16,BranchTee_mvgd_2279_lvgd_315919_32,0.0009083207193128366,4.2500501558714046,residential
Load_mvgd_2279_lvgd_516525_1,BranchTee_mvgd_2279_lvgd_516525_2,0.0749860930020258,311.9740930355542,agricultural
Load_mvgd_2279_lvgd_516525_2,BranchTee_mvgd_2279_lvgd_516525_4,0.0007785606165538599,3.6429001336040616,residential
Load_mvgd_2279_lvgd_516525_3,BranchTee_mvgd_2279_lvgd_516525_6,0.0007785606165538599,3.6429001336040616,residential
Load_mvgd_2279_lvgd_316380_1,BranchTee_mvgd_2279_lvgd_316380_2,0.0008921007064679645,4.174156403087986,residential
Load_mvgd_2279_lvgd_316380_2,BranchTee_mvgd_2279_lvgd_316380_4,0.0008921007064679645,4.174156403087986,residential
Load_mvgd_2279_lvgd_316380_3,BranchTee_mvgd_2279_lvgd_316380_6,0.0008921007064679645,4.174156403087986,residential
Load_mvgd_2279_lvgd_316380_4,BranchTee_mvgd_2279_lvgd_316380_8,0.0008921007064679645,4.174156403087986,residential
Load_mvgd_2279_lvgd_316380_5,BranchTee_mvgd_2279_lvgd_316380_10,0.0008921007064679645,4.174156403087986,residential
Load_mvgd_2279_lvgd_316380_6,BranchTee_mvgd_2279_lvgd_316380_12,0.0008921007064679645,4.174156403087986,residential
Load_mvgd_2279_lvgd_316380_7,BranchTee_mvgd_2279_lvgd_316380_14,0.0008921007064679645,4.174156403087986,residential
Load_mvgd_2279_lvgd_316380_8,BranchTee_mvgd_2279_lvgd_316380_16,0.0008921007064679645,4.174156403087986,residential
Load_mvgd_2279_lvgd_316380_9,BranchTee_mvgd_2279_lvgd_316380_18,0.0008921007064679645,4.174156403087986,residential
Load_mvgd_2279_lvgd_316380_10,BranchTee_mvgd_2279_lvgd_316380_20,0.0008921007064679645,4.174156403087986,residential
Load_mvgd_2279_lvgd_316380_11,BranchTee_mvgd_2279_lvgd_316380_22,0.0008921007064679645,4.174156403087986,residential
Load_mvgd_2279_lvgd_316380_12,BranchTee_mvgd_2279_lvgd_316380_24,0.0008921007064679645,4.174156403087986,residential
Load_mvgd_2279_lvgd_316380_13,BranchTee_mvgd_2279_lvgd_316380_26,0.0008921007064679645,4.174156403087986,residential
Load_mvgd_2279_lvgd_316380_14,BranchTee_mvgd_2279_lvgd_316380_28,0.0008921007064679645,4.174156403087986,residential
Load_mvgd_2279_lvgd_316380_15,BranchTee_mvgd_2279_lvgd_316380_30,0.0008921007064679645,4.174156403087986,residential
Load_mvgd_2279_lvgd_316380_16,BranchTee_mvgd_2279_lvgd_316380_32,0.0008921007064679645,4.174156403087986,residential
Load_mvgd_2279_lvgd_316381_1,BranchTee_mvgd_2279_lvgd_316381_2,0.0009021416668005043,4.221138250049151,residential
Load_mvgd_2279_lvgd_316381_2,BranchTee_mvgd_2279_lvgd_316381_4,0.0009021416668005043,4.221138250049151,residential
Load_mvgd_2279_lvgd_316381_3,BranchTee_mvgd_2279_lvgd_316381_6,0.0009021416668005043,4.221138250049151,residential
Load_mvgd_2279_lvgd_316381_4,BranchTee_mvgd_2279_lvgd_316381_8,0.0009021416668005043,4.221138250049151,residential
Load_mvgd_2279_lvgd_316381_5,BranchTee_mvgd_2279_lvgd_316381_10,0.0009021416668005043,4.221138250049151,residential
Load_mvgd_2279_lvgd_316381_6,BranchTee_mvgd_2279_lvgd_316381_12,0.0009021416668005043,4.221138250049151,residential
Load_mvgd_2279_lvgd_316381_7,BranchTee_mvgd_2279_lvgd_316381_14,0.0009021416668005043,4.221138250049151,residential
Load_mvgd_2279_lvgd_316381_8,BranchTee_mvgd_2279_lvgd_316381_16,0.0009021416668005043,4.221138250049151,residential
Load_mvgd_2279_lvgd_316381_9,BranchTee_mvgd_2279_lvgd_316381_18,0.0009021416668005043,4.221138250049151,residential
Load_mvgd_2279_lvgd_316381_10,BranchTee_mvgd_2279_lvgd_316381_20,0.0009021416668005043,4.221138250049151,residential
Load_mvgd_2279_lvgd_316381_11,BranchTee_mvgd_2279_lvgd_316381_22,0.0009021416668005043,4.221138250049151,residential
Load_mvgd_2279_lvgd_316381_12,BranchTee_mvgd_2279_lvgd_316381_24,0.0009021416668005043,4.221138250049151,residential
Load_mvgd_2279_lvgd_316381_13,BranchTee_mvgd_2279_lvgd_316381_26,0.0009021416668005043,4.221138250049151,residential
Load_mvgd_2279_lvgd_316381_14,BranchTee_mvgd_2279_lvgd_316381_28,0.0009021416668005043,4.221138250049151,residential
Load_mvgd_2279_lvgd_316381_15,BranchTee_mvgd_2279_lvgd_316381_30,0.0009021416668005043,4.221138250049151,residential
Load_mvgd_2279_lvgd_316381_16,BranchTee_mvgd_2279_lvgd_316381_32,0.0009021416668005043,4.221138250049151,residential
Load_mvgd_2279_lvgd_316381_17,BranchTee_mvgd_2279_lvgd_316381_34,0.0009021416668005043,4.221138250049151,residential
Load_mvgd_2279_lvgd_316381_18,BranchTee_mvgd_2279_lvgd_316381_36,0.0009021416668005043,4.221138250049151,residential
Load_mvgd_2279_lvgd_316381_19,BranchTee_mvgd_2279_lvgd_316381_38,0.0009021416668005043,4.221138250049151,residential
Load_mvgd_2279_lvgd_316381_20,BranchTee_mvgd_2279_lvgd_316381_40,0.0009021416668005043,4.221138250049151,residential
Load_mvgd_2279_lvgd_316381_21,BranchTee_mvgd_2279_lvgd_316381_42,0.0009021416668005043,4.221138250049151,residential
Load_mvgd_2279_lvgd_316382_1,BranchTee_mvgd_2279_lvgd_316382_2,0.0008434406679333482,3.9464751447377324,residential
Load_mvgd_2279_lvgd_316382_2,BranchTee_mvgd_2279_lvgd_316382_4,0.0008434406679333482,3.9464751447377324,residential
Load_mvgd_2279_lvgd_316382_3,BranchTee_mvgd_2279_lvgd_316382_6,0.0008434406679333482,3.9464751447377324,residential
Load_mvgd_2279_lvgd_316382_4,BranchTee_mvgd_2279_lvgd_316382_8,0.0008434406679333482,3.9464751447377324,residential
Load_mvgd_2279_lvgd_316383_1,BranchTee_mvgd_2279_lvgd_316383_2,0.000884727973356659,4.139659242731887,residential
Load_mvgd_2279_lvgd_316383_2,BranchTee_mvgd_2279_lvgd_316383_4,0.000884727973356659,4.139659242731887,residential
Load_mvgd_2279_lvgd_316383_3,BranchTee_mvgd_2279_lvgd_316383_6,0.000884727973356659,4.139659242731887,residential
Load_mvgd_2279_lvgd_316383_4,BranchTee_mvgd_2279_lvgd_316383_8,0.000884727973356659,4.139659242731887,residential
Load_mvgd_2279_lvgd_316383_5,BranchTee_mvgd_2279_lvgd_316383_10,0.000884727973356659,4.139659242731887,residential
Load_mvgd_2279_lvgd_316383_6,BranchTee_mvgd_2279_lvgd_316383_12,0.000884727973356659,4.139659242731887,residential
Load_mvgd_2279_lvgd_316383_7,BranchTee_mvgd_2279_lvgd_316383_14,0.000884727973356659,4.139659242731887,residential
Load_mvgd_2279_lvgd_316383_8,BranchTee_mvgd_2279_lvgd_316383_16,0.000884727973356659,4.139659242731887,residential
Load_mvgd_2279_lvgd_316383_9,BranchTee_mvgd_2279_lvgd_316383_18,0.000884727973356659,4.139659242731887,residential
Load_mvgd_2279_lvgd_316383_10,BranchTee_mvgd_2279_lvgd_316383_20,0.000884727973356659,4.139659242731887,residential
Load_mvgd_2279_lvgd_316383_11,BranchTee_mvgd_2279_lvgd_316383_22,0.000884727973356659,4.139659242731887,residential
Load_mvgd_2279_lvgd_316383_12,BranchTee_mvgd_2279_lvgd_316383_24,0.000884727973356659,4.139659242731887,residential
Load_mvgd_2279_lvgd_316383_13,BranchTee_mvgd_2279_lvgd_316383_26,0.000884727973356659,4.139659242731887,residential
Load_mvgd_2279_lvgd_316383_14,BranchTee_mvgd_2279_lvgd_316383_28,0.000884727973356659,4.139659242731887,residential
Load_mvgd_2279_lvgd_316383_15,BranchTee_mvgd_2279_lvgd_316383_30,0.000884727973356659,4.139659242731887,residential
Load_mvgd_2279_lvgd_316383_16,BranchTee_mvgd_2279_lvgd_316383_32,0.000884727973356659,4.139659242731887,residential
Load_mvgd_2279_lvgd_316383_17,BranchTee_mvgd_2279_lvgd_316383_34,0.000884727973356659,4.139659242731887,residential
Load_mvgd_2279_lvgd_316383_18,BranchTee_mvgd_2279_lvgd_316383_36,0.000884727973356659,4.139659242731887,residential
Load_mvgd_2279_lvgd_316383_19,BranchTee_mvgd_2279_lvgd_316383_38,0.000884727973356659,4.139659242731887,residential
Load_mvgd_2279_lvgd_316383_20,BranchTee_mvgd_2279_lvgd_316383_40,0.000884727973356659,4.139659242731887,residential
Load_mvgd_2279_lvgd_316383_21,BranchTee_mvgd_2279_lvgd_316383_42,0.000884727973356659,4.139659242731887,residential
Load_mvgd_2279_lvgd_316383_22,BranchTee_mvgd_2279_lvgd_316383_44,0.000884727973356659,4.139659242731887,residential
Load_mvgd_2279_lvgd_473710_1,BranchTee_mvgd_2279_lvgd_473710_2,0.0009861767809682227,4.614340169231811,residential
Load_mvgd_2279_lvgd_473710_2,BranchTee_mvgd_2279_lvgd_473710_4,0.0009861767809682227,4.614340169231811,residential
Load_mvgd_2279_lvgd_473710_3,BranchTee_mvgd_2279_lvgd_473710_6,0.0009861767809682227,4.614340169231811,residential
Load_mvgd_2279_lvgd_473710_4,BranchTee_mvgd_2279_lvgd_473710_8,0.0009861767809682227,4.614340169231811,residential
Load_mvgd_2279_lvgd_473710_5,BranchTee_mvgd_2279_lvgd_473710_10,0.0009861767809682227,4.614340169231811,residential
